url,title,channel,subscribers,views,views_source,playboard_weekly_peak,publish_date,length_sec,category,topic,format,hook,copyright,small_channel,source
https://www.youtube.com/shorts/a187U3SCGBo,오토바이 체인에 숟가락과 양초를 설치하면 생기는 놀라운 변화,리뷰한수,42300,36191471,Playboard 주간 증가분(누적 하한),36191471,2026-08-12,,상식·잡학,상식/생활꿀팁,가공 영상 클립+상단 제목(공정/라이프핵),오토바이 체인에 숟가락과 양초를 설치하면 생기는 놀라운 변화,재사용(해외 숏폼),Y,"Playboard KR Shorts 주간차트(all,education)"
https://www.youtube.com/shorts/G6z-Gl2i5H8,Custom Metal Sheet Bender Tool Operation #worker #process #metalworking #fabrication #diy,Detailing Lab,66700,32992180,Playboard 주간 증가분(누적 하한),32992180,2026-08-14,,과학·기술,과학·기술,"가공 영상 클립(작업공정, 자막만)",금속판 절곡 공구 클로즈업(무음성),재사용(해외 숏폼),N,Playboard KR Shorts 주간차트(all)
https://www.youtube.com/shorts/XbaBiNPI8Sc,수중 경화 실란트를 활용한 플라스틱 드럼통 긴급 누수 보수 #worker #process #waterproof #repair #sealant,랄부탁,20200,29497921,Playboard 주간 증가분(누적 하한),29497921,2026-08-24,,과학·기술,과학·기술,"가공 영상 클립(작업공정, 자막만)",드럼통 누수 보수 클로즈업,재사용(해외 숏폼),Y,"Playboard KR Shorts 주간차트(all,science)"
https://www.youtube.com/shorts/gs4C6_shdSM,재활용 지붕 시공 : 타이어 고무를 겹쳐 물이 흐르는 면을 구성하는 원리,방긋,46200,28636546,Playboard 주간 증가분(누적 하한),28636546,2026-08-18,,과학·기술,과학·기술,"가공 영상 클립(작업공정, 자막만)",타이어 고무 지붕 시공 장면,재사용(해외 숏폼),Y,Playboard KR Shorts 주간차트(all)
https://www.youtube.com/shorts/XVVpRhYbcjM,대형 트럭에게 까불면 안되는 이유,알룔료,352000,25805817,RSS 누적,11048885,2026-08-16,,자동차·군사,자동차/운전 상식,자체 2D 카툰 애니메이션,대형 트럭에게 까불면 안 되는 이유,오리지널(애니),N,Playboard KR Shorts 주간차트(vehicles)
https://www.youtube.com/shorts/qJovHOkOrwQ,대형 볼트와 너트로 만드는 맞춤형 용접 지그 DIY #worker #process #welding #weldingtools #diy,gong jang,33300,20233338,Playboard 주간 증가분(누적 하한),20233338,2026-08-30,,과학·기술,과학·기술,"가공 영상 클립(작업공정, 자막만)",대형 볼트·너트 용접 지그 클로즈업,재사용(해외 숏폼),Y,Playboard KR Shorts 주간차트(all)
https://www.youtube.com/shorts/hh7puUQ-mog,테슬라에 운전 맡기고 부산까지 가봤더니,MuskLab,91700,18758964,RSS 누적,5717476,2026-08-17,,자동차·군사,자동차/테슬라,직접 촬영(주행 POV),테슬라에 운전 맡기고 부산까지 가봤더니,오리지널,N,Playboard KR Shorts 주간차트(vehicles)
https://www.youtube.com/shorts/DLNViJyvRvc,자전거 체인으로 만드는 배터리 단자 클램프,Steel & Precision,19200,17587133,Playboard 주간 증가분(누적 하한),17587133,2026-08-18,,과학·기술,과학·기술,"가공 영상 클립(작업공정, 하단 설명자막)",자전거 체인으로 만든 배터리 단자 클램프,재사용(해외 숏폼),Y,Playboard KR Shorts 주간차트(education)
https://www.youtube.com/shorts/s01w0oeoezY,내가 쟤보다는 잘 던지겠다,야구도감,6190,15052520,Playboard 주간 증가분(누적 하한),15052520,2026-09-03,,스포츠,스포츠(야구),중계 클립+상단 제목,좌완 파이어볼러 시구자: 내가 너보다 잘 던지겠다,재사용(중계),Y,Playboard KR Shorts 주간차트(sports)
https://www.youtube.com/shorts/Bm3eoTk1OpY,실제 다트 경기에 나오는 놀라운일 ㄷㄷ,박광필,57600,12776678,RSS 누적,3819206,2026-10-03,,스포츠,스포츠(다트),중계 클립+자막,모두가 경악한 반전ㄷㄷ,재사용(중계),N,Playboard KR Shorts 주간차트(sports)
https://www.youtube.com/shorts/jOT2KeZtkmw,방콕에서 가장 마음이 편안해지는 옥수수 손질 기술 🌽,트래블리셔스 TRAVELICIOUS,1150000,11638886,Playboard 주간 증가분(누적 하한),11638886,2026-09-26,,여행·나라,여행(해외 음식),해외 길거리 음식 영상,방콕에서 가장 마음이 편안해지는 옥수수 손질 기술,재사용/불명,N,Playboard KR Shorts 주간차트(travel)
https://www.youtube.com/shorts/uhNRo_9iOtM,상대 팀에 물 얻으러 간 쏘니가 받은 대접 #손흥민 #벤탄쿠르 #국가대표팀,축구영웅TV,14800,11470902,RSS 누적,10112882,2026-09-29,,스포츠,스포츠(축구),중계 클립+상단 제목,상대 팀에 물 얻으러 간 손흥민이 받은 대접,재사용(중계),Y,Playboard KR Shorts 주간차트(sports)
https://www.youtube.com/shorts/bn9gd13Erqs,역대급 기싸움!!! 얌체 수입차 운전자의 결말 #얌체운전 #안전신문고 #끼어들기 #범칙금 #linecutter #카니발,얌체뉴스,4770,10834977,RSS 누적,3199977,2026-08-12,,자동차·군사,자동차(블랙박스),블랙박스 영상+자막,역대급 기싸움 얌체수입차의 결말,제보 영상,Y,Playboard KR Shorts 주간차트(vehicles)
https://www.youtube.com/shorts/AEjN8aeBUl8,러시아어 필기체는 읽기가 불가능하다!,The Daily Short,85800,10754141,RSS 누적,9403892,2026-09-27,,상식·잡학,상식/잡학,해외 크리에이터 영상+한글 자막,"""러시아어 필기체는 읽기가 불가능하다!"" 필기 장면","재사용(해외 크리에이터, 출처표기)",N,Playboard KR Shorts 주간차트(education)
https://www.youtube.com/shorts/ZaoQ9QdDRII,개미 실험으로 코카콜라 낚아버린 펩시,짤고리즘,33700,10682831,Playboard 주간 증가분(누적 하한),10682831,2026-08-18,,상식·잡학,상식/브랜드,밈 편집(트윗 캡처+짤),개미가 펩시와 코카콜라 중 어느 쪽을 더 좋아하는지 실험,재사용(밈 이미지),Y,Playboard KR Shorts 주간차트(howto)
https://www.youtube.com/shorts/50AmZI-olqs,UFC를 습격한 제2의 이소룡 ㄷㄷ,차도르,964000,10196204,Playboard 주간 증가분(누적 하한),10196204,2026-09-01,,스포츠,스포츠(격투),중계 클립+해설 토크 헤드(상하 분할),UFC를 습격한 제2의 이소룡,재사용+해설,N,Playboard KR Shorts 주간차트(sports)
https://www.youtube.com/shorts/ezcN2TKUYnQ,스파이더맨이 되고 싶던 남자,찾다보니,15900,9743784,Playboard 주간 증가분(누적 하한),9743784,2026-08-24,,상식·잡학,상식/인물,해외 바이럴 영상+하단 자막,미친 훈련을 거듭하더니 (스파이더맨이 되고 싶던 남자),재사용(해외 바이럴),Y,Playboard KR Shorts 주간차트(science)
https://www.youtube.com/shorts/F7FslYINzc4,러시아 수류탄과 미국 수류탄의 차이,말이죠,17000,9690479,RSS 누적,5319977,2026-09-24,,자동차·군사,군사,해외 영상+한글 자막(흰 상단 제목),러시아 수류탄과 미국 수류탄의 차이,재사용(해외 영상),Y,Playboard KR Shorts 주간차트(science)
https://www.youtube.com/shorts/Kn_S2apOU6U,세단뛰기 1위의 점프 체감 거리,쓱포츠,24700,9348288,Playboard 주간 증가분(누적 하한),9348288,2026-09-03,,스포츠,스포츠(육상)/비교,해외 영상+체감 그래픽,세단뛰기 1위의 점프 체감 거리,재사용,Y,Playboard KR Shorts 주간차트(sports)
https://www.youtube.com/shorts/2s0GzBeY4vk,남자 파이터에게도 거침없이 싸움을 걸었던 그녀의 결말 #격투기 #브레이킹다운 #mma,매거진 시크,144000,8773416,Playboard 주간 증가분(누적 하한),8773416,2026-09-05,,스포츠,스포츠(격투),중계 클립+TTS,남자 파이터에게도 싸움을 걸었던 그녀의 결말,재사용(중계),N,Playboard KR Shorts 주간차트(sports)
https://www.youtube.com/shorts/LDc_IxarPmA,당신은 10분도 못버틸 실제 사건,지식코리야,977000,8698540,Playboard 주간 증가분(누적 하한),8698540,2026-08-18,,과학·기술,사건·재난 실화,3D CG 재연+자막+2인칭 제목,당신은 10분도 버틸 수 없는 실제 사건,오리지널(3D 재연),N,Playboard KR Shorts 주간차트(science)
https://www.youtube.com/shorts/iKZBZMMBFOk,결합하면 경계선이 사라지는 인터로킹 반지,오늘의잼영상,69100,8479798,Playboard 주간 증가분(누적 하한),8479798,2026-09-07,,과학·기술,과학·기술(제품),제품 클립+흰 배경 파란 제목,판타지 팬들이 난리 난 인터로킹 커플링,재사용(제품 영상),N,Playboard KR Shorts 주간차트(howto)
https://www.youtube.com/shorts/9S61ERd4EeU,KBO 최고 감동 약속대련,빠던,12600,8402293,Playboard 주간 증가분(누적 하한),8402293,2026-09-06,,스포츠,스포츠(야구),중계 클립+흰 배경 제목,KBO 최고 감동 약속대련,재사용(중계),Y,Playboard KR Shorts 주간차트(sports)
https://www.youtube.com/shorts/BU3m9bSWL1w,트럭 운전사의 연봉이 높은 이유! (출처: MaksFura/YT),The Daily Short,85800,8384098,RSS 누적,6482563,2026-10-02,,직업·연봉,직업·연봉,해외 크리에이터 영상+한글 자막,트럭 운전사의 연봉이 높은 이유! (장난감 트럭 시연),"재사용(해외 크리에이터, 출처표기)",N,Playboard KR Shorts 주간차트(education)
https://www.youtube.com/shorts/vto0SicyOEM,오만한 무패 쇼맨의 최후 #mma #ufc #격투기,매거진 시크,144000,7863680,Playboard 주간 증가분(누적 하한),7863680,2026-09-01,,스포츠,스포츠(격투),중계 클립+TTS,오만한 무패 쇼맨의 최후,재사용(중계),N,Playboard KR Shorts 주간차트(sports)
https://www.youtube.com/shorts/enBipz72qb4,믿을 수 없는 그의 투구🔥,AmazingBrother,70300,7422776,Playboard 주간 증가분(누적 하한),7422776,2026-09-05,,스포츠,스포츠(야구),직접 촬영/중계,믿을 수 없는 그의 투구,불명,N,Playboard KR Shorts 주간차트(sports)
https://www.youtube.com/shorts/LARSNbo7ajg,당구 영상 역대급 마쎄 샷! #당구#조명우#조화백#3쿠션#billiards#월드컵#당구장#예술구,조명우나이스,15200,7374336,Playboard 주간 증가분(누적 하한),7374336,2026-08-23,,스포츠,스포츠(당구),중계 클립,"조회수 1,000만 역대급 마쎄샷",재사용(중계),Y,Playboard KR Shorts 주간차트(sports)
https://www.youtube.com/shorts/dkqdhcvl8jY,당신은 악취 땜에 미쳐버릴 실제 사건,지식코리야,977000,7200358,RSS 누적,4976086,2026-09-10,,과학·기술,사건·재난 실화,3D CG 재연+자막,당신은 악취 때문에 이미 미쳐버릴 실제 사건,오리지널(3D 재연),N,Playboard KR Shorts 주간차트(science)
https://www.youtube.com/shorts/j58kRzf8z3Q,코리안스텝을 본 NBA 선수 반응,느바랩,11000,7164578,Playboard 주간 증가분(누적 하한),7164578,2026-08-29,,스포츠,스포츠(농구)/K-국뽕,현장 팬캠+자막,코리안스텝을 본 NBA 선수 반응,재사용,Y,Playboard KR Shorts 주간차트(sports)
https://www.youtube.com/shorts/6aXmgyvF9Xo,골인데 안기쁜 이유..,박광필,57600,7114914,Playboard 주간 증가분(누적 하한),7114914,2026-08-25,,스포츠,스포츠(축구),중계 클립+큰 노란 제목,골인데 안 기쁜 이유,재사용(중계),N,Playboard KR Shorts 주간차트(sports)
https://www.youtube.com/shorts/wu0SMB4_W4M,오토바이 참교육! True education for motorcyclists! #ai합성 #aidashcam #aivideo  #교통사고예방영상 #블랙박스영상 #참교육 #aicam,세상에 이런 블박,3170,7101124,RSS 누적,1886538,2026-08-25,,자동차·군사,자동차(블랙박스),블랙박스 영상,정지선 위반 참교육,제보 영상,Y,Playboard KR Shorts 주간차트(vehicles)
https://www.youtube.com/shorts/x9ExUmT3FnM,조종실이 잠겨버린 실제 비행기 사건,지식코리야,977000,7036862,RSS 누적,3802178,2026-08-26,,과학·기술,사건·재난 실화,3D CG 재연+자막,조종실이 잠겨버린 실제 비행기 사건,오리지널(3D 재연),N,Playboard KR Shorts 주간차트(science)
https://www.youtube.com/shorts/DFd4tQEhEt8,한강에 아기 거북이를 방생하면 안 되는 이유,안녕! 치앙마이 | annyeong.chiangmai,121000,6961339,Playboard 주간 증가분(누적 하한),6961339,2026-08-23,,상식·잡학,상식/동물,손그림 스케치 애니메이션+내레이션,아기 거북이가 단명한 이유 (한강에 방생하면 안 되는 이유),오리지널(애니),N,Playboard KR Shorts 주간차트(travel)
https://www.youtube.com/shorts/aFM1jKlKKlM,시구하다가 어깨 부상???,야구채널S,55599,6957465,Playboard 주간 증가분(누적 하한),6957465,2026-08-24,,스포츠,스포츠(야구),중계 클립,시구하다가 어깨 부상???,재사용(중계),N,Playboard KR Shorts 주간차트(sports)
https://www.youtube.com/shorts/llHaFq1B8VQ,바다속 파이프에 갇힌 5명…,지식코리야,977000,6867710,Playboard 주간 증가분(누적 하한),6867710,2026-08-09,,과학·기술,사건·재난 실화,3D CG 재연+자막,가장 절망적인 참사 바다속 파이프에 갇힌 5명,오리지널(3D 재연),N,Playboard KR Shorts 주간차트(science)
https://www.youtube.com/shorts/pPA5c9Oya-w,"인공관절 치환술 2주 후, 무릎이 쫙 펴진 실제후기!",제일 TV,566,6795305,RSS 누적,6479419,2026-09-15,,건강,건강,환자 후기 영상(병원 채널),인공관절 치환술 2주 후! 무릎이 쫙 펴진 실제 후기,오리지널(광고성),Y,Playboard KR Shorts 주간차트(howto)
https://www.youtube.com/shorts/OucBgTXud2E,집안의 자랑이었던 증조부의 비석을 스스로 파괴한 이유,시다래,124000,6695745,Playboard 주간 증가분(누적 하한),6695745,2026-08-15,,역사,역사(독립운동),다큐 클립+TTS,진짜 독립운동가의…,"재사용(EBS, 출처표기)",N,Playboard KR Shorts 주간차트(howto)
https://www.youtube.com/shorts/AEnbx9QYonc,무릎 관절이 닳아 통증이 심하다면 #인공관절치환술,제일 TV,566,6676421,RSS 누적,6575751,2026-09-15,,건강,건강,원장 토크+수술 그래픽(병원 채널),녹슬고 닳아 없어진 무릎 연골엔.. #인공관절 치환술,오리지널(광고성),Y,Playboard KR Shorts 주간차트(howto)
https://www.youtube.com/shorts/Yzik7Lj45ZE,군대 행사 중 벌어진 역대급 감동 실화 #실화 #군인 #전우애,심리야놀자,68600,6499797,Playboard 주간 증가분(누적 하한),6499797,2026-09-26,,자기계발·감동,감동/자기계발,"TTS 사연+바이럴 영상, 검은 바 상단 제목",수천 명 앞의 아찔한 실수를 진한 감동으로 바꾼 1초의 의리,재사용(해외 바이럴),N,Playboard KR Shorts 주간차트(education)
https://www.youtube.com/shorts/g15WR0GfuHY,스파이더맨 24분 출연에 55억 받은 배우보다 더 많이 가져간 사람 ㄷㄷ,홀스캣런웨이,18500,5880017,Playboard 주간 증가분(누적 하한),5880017,2026-09-02,,돈·재테크,돈/연예,"사진 슬라이드+TTS, 비교 숫자 제목",24분 vs 13분 출연료 차이 실화냐 (분당 2억 3천),재사용(사진),Y,Playboard KR Shorts 주간차트(howto)
https://www.youtube.com/shorts/OBHiHp_dSIE,한국인 손님을 보자마자 급하게 누군가를 불렀는데,해외여행이슈,58700,5690448,Playboard 주간 증가분(누적 하한),5690448,2026-08-29,,여행·나라,여행/K-국뽕,해외 크리에이터 영상+자막,한국인 손님을 보자마자 급하게 누군가를 불렀는데,"재사용(해외 크리에이터, 출처표기)",N,Playboard KR Shorts 주간차트(travel)
https://www.youtube.com/shorts/4l-8fu-cUpw,인간의 한계를 뛰어넘은 사람들 TOP6  #스포츠  #쇼츠 #운동 #respect #sports,숏랭킹,42100,5600111,Playboard 주간 증가분(누적 하한),5600111,2026-09-11,,스포츠,스포츠/랭킹,랭킹 TOP6 편집(기네스 영상),인간의 한계를 뛰어넘은 사람들 랭킹 TOP6,재사용(기네스),Y,Playboard KR Shorts 주간차트(sports)
https://www.youtube.com/shorts/4J19ek78V1s,우루과이전 대하는 설영우와 김민수 #short #shortvideo #shortsvideo #shorts #쇼츠 #축구 #한국 #손흥민 #김민재 #이강인 #김민수 #우루과이,레전사커,89500,5448089,RSS 누적,5418097,2026-09-29,,스포츠,스포츠(축구),예능/인터뷰 클립,우루과이전 논란 설영우 VS 김민수,재사용(방송),N,Playboard KR Shorts 주간차트(sports)
https://www.youtube.com/shorts/LioektwLp24,가난했던 그녀가 부자가 된 이유🌈,Great Nova 그레이트 노바,11700,5305787,RSS 누적,4799585,2026-09-28,,자기계발·감동,감동/자기계발,"TTS 사연+다큐 사진/영상, 흰 배경 카드",인간에게 한계가 없다는 걸 증명한 아이,재사용(방송),Y,Playboard KR Shorts 주간차트(education)
https://www.youtube.com/shorts/bihBUYiWnro,이강인 데뷔골의 비밀 : 슛돌이의 유산 (feat.유상철),The Story of the Stars,41500,5167446,Playboard 주간 증가분(누적 하한),5167446,2026-08-20,,스포츠,스포츠(축구)/역사,예능 아카이브+TTS,슛돌이의 유산? 이강인 데뷔골의 비밀,재사용(방송),Y,Playboard KR Shorts 주간차트(sports)
https://www.youtube.com/shorts/e4iqBTKM9lM,대통령이 군인 친구를 보자마자 보인 행동 #실화 #우정 #감동,심리야놀자,68600,5145484,Playboard 주간 증가분(누적 하한),5145484,2026-09-27,,역사,역사/감동,"TTS 사연+뉴스 영상, 빨간 원 강조",가장 높은 자리에 올라도 변하지 않는 우정의 품격,재사용(뉴스),N,Playboard KR Shorts 주간차트(education)
https://www.youtube.com/shorts/NgVNtc0XSM4,삶의 상처마저 영화로 바꾼 소년,언택트립,60400,5041775,RSS 누적,1710792,2026-10-01,,자기계발·감동,감동/자기계발,영화 장면+감성 자막(영화명 표기),삶의 상처마저 영화로 바꾼 소년,재사용(영화),N,Playboard KR Shorts 주간차트(travel)
https://www.youtube.com/shorts/Y_viqfL3Ac8,당신이라면 진작 포기했을 실제 사건,지식코리야,977000,5011648,RSS 누적,2718903,2026-09-04,,과학·기술,사건·재난 실화,3D CG 재연+자막,당신이라면 진작 포기했을 실제 사건,오리지널(3D 재연),N,Playboard KR Shorts 주간차트(science)
https://www.youtube.com/shorts/qqCMCtvTWQ0,잉크제로! 고사리 잎으로 찍어낸 신비로운 천연 도장,오늘의잼영상,69100,4984841,Playboard 주간 증가분(누적 하한),4984841,2026-08-21,,과학·기술,과학·기술(자연),제품 클립+흰 배경 파란 제목,"정글의 천연 도장, 실버 펀",재사용(해외 숏폼),N,Playboard KR Shorts 주간차트(howto)
https://www.youtube.com/shorts/Pqs34us7eTY,시골 출신 동료에게 벽을 느낀 도시 군인들,하오문,37700,4962458,Playboard 주간 증가분(누적 하한),4962458,2026-08-14,,자동차·군사,군사,해외 군 영상+자막,시골 출신 동료에게 벽을 느낀 도시 군인들,재사용(해외 SNS),Y,Playboard KR Shorts 주간차트(sports)
https://www.youtube.com/shorts/Mfrt1rXmS0o,참된 심판의 표본 #김태완,야구로망,15400,4944075,RSS 누적,3976261,2026-09-20,,스포츠,스포츠(야구),중계 클립(티빙 출처),"양현종도 놀란 ""그"" 심판",재사용(중계),Y,Playboard KR Shorts 주간차트(sports)
https://www.youtube.com/shorts/kr1Lvj3VvFA,"""청소 개시"" 대작전 시작되자.. '필사의 도망' 난리난 LA #Shorts (MBC뉴스)",MBCNEWS,6200000,4927220,Playboard 주간 증가분(누적 하한),4927220,2026-09-08,,뉴스·이슈,뉴스(해외),방송사 뉴스 쇼츠(남색 상단 배너),'필사의 도망' 난리난 LA,방송사 자체,N,Playboard KR Shorts 주간차트(news)
https://www.youtube.com/shorts/nYb3eZJsXxY,의사가 선택한 허리 시술??? 바로 '이것',제일 TV,566,4891415,RSS 누적,3458398,2026-09-15,,건강,건강,의사 토크 헤드,정형외과의사가 받은 그 시술! 바로 '00000',오리지널(병원 채널),Y,Playboard KR Shorts 주간차트(howto)
https://www.youtube.com/shorts/-Sg15G5Dsdw,""" 2026년 KBO 전반기 베스트 시구 (남자편) """,야구톡톡,10500,4865585,Playboard 주간 증가분(누적 하한),4865585,2026-08-08,,스포츠,스포츠(야구),중계 클립+랭킹,2026 KBO 전반기 베스트 시구,재사용(중계),Y,Playboard KR Shorts 주간차트(sports)
https://www.youtube.com/shorts/Nl91ebkUY_w,"이재명 형수 기자회견 "" 선을 넘어 버린 사건",보수팩트,44200,4763951,RSS 누적,2427081,2026-09-01,,뉴스·이슈,정치,정치인 사진+굵은 제목,"선 완전히 넘어버린 사건 ""더 이상은 못 참겠습니다""",재사용(보도사진),Y,Playboard KR Shorts 주간차트(news)
https://www.youtube.com/shorts/6QkoQygBcuw,탱크가 제자리에서 뱅뱅 돌고 있는 진짜 이유 💔,짤고리즘,33700,4752060,Playboard 주간 증가분(누적 하한),4752060,2026-08-19,,자동차·군사,군사,"밈 편집(""???: … / 그 이유를 아는 사람:"")",??? : 이건 그냥 제자리를 돌고있는 탱크입니다..,재사용(영상+영화 짤),Y,Playboard KR Shorts 주간차트(howto)
https://www.youtube.com/shorts/qCeTg1ylULY,진심으로 억울한 이승우 #축구 #전북현대 #k리그 #football #이승우,오늘의 쩡요,13799,4729461,RSS 누적,4357616,2026-08-09,,스포츠,스포츠(축구),중계 클립,발로 장풍 쏘는 이승우 왜 머리를 붙잡아ㅋㅋ,재사용(중계),Y,Playboard KR Shorts 주간차트(sports)
https://www.youtube.com/shorts/a7Bizxx-hyw,운전자라면 간절히 원할 수밖에 없는 기능,알룔료,352000,4726183,RSS 누적,3075869,2026-09-24,,자동차·군사,자동차/운전 상식,자체 2D 카툰 애니메이션,운전자라면 간절히 원할 수밖에 없는 기능,오리지널(애니),N,Playboard KR Shorts 주간차트(vehicles)
https://www.youtube.com/shorts/c1-DhPIT_Kw,"눈을 의심케 하는 투명도, 초고순도 수정",지식봄,75100,4609730,Playboard 주간 증가분(누적 하한),4609730,2026-08-29,,과학·기술,과학(광물),제품 클립+흰 배경 제목,"뇌를 속이는 투명한 돌, 초고순도 천연 크리스탈",재사용(해외 숏폼),N,Playboard KR Shorts 주간차트(howto)
https://www.youtube.com/shorts/j8iSVCk2JQk,신발의 뼈대를 없앤 비브람 보자기 신발,오늘의잼영상,69100,4581188,RSS 누적,3345617,2026-09-30,,과학·기술,과학·기술(제품),제품 클립+흰 배경 제목,상식을 깬 비브람 보자기 신발,재사용(해외 숏폼),N,Playboard KR Shorts 주간차트(howto)
https://www.youtube.com/shorts/Y5e1mabn6Y0,설렁설렁 걷던 야말의 대반전,들었어?,264000,4552702,RSS 누적,526726,2026-10-03,,스포츠,스포츠(축구),중계 클립+빨간 화살표,설렁설렁 걷던 야말이 3초 만에 보여준 반전,재사용(SNS),N,Playboard KR Shorts 주간차트(sports)
https://www.youtube.com/shorts/dcTGE4nKMwM,🚨11층서 뛰어내린 여성 극적 구조 #소방관 #화재 #구조 #독일 #사다리차,한국경제신문,67000,4550238,Playboard 주간 증가분(누적 하한),4550238,2026-08-21,,뉴스·이슈,뉴스(해외 사고),신문사 뉴스 쇼츠(배너),소방관 믿고 11층서 뛰어내린 여자,언론사(외신 영상),N,Playboard KR Shorts 주간차트(news)
https://www.youtube.com/shorts/cb-UxrmF3Ro,한 치의 오차도 허용하지 않는 지붕 목수의 절단 기술 #worker #process #skill #carpenter #roof,HappyChair,56800,4405051,Playboard 주간 증가분(누적 하한),4405051,2026-08-17,,과학·기술,과학·기술,가공 영상 클립(작업공정),한 치의 오차도 허용하지 않는 지붕 목수의 절단,재사용(해외 숏폼),N,Playboard KR Shorts 주간차트(science)
https://www.youtube.com/shorts/45WZCQNzAus,불꽃 없이 찌든 녹을 제거하는 공구,지식봄,75100,4387718,RSS 누적,389606,2026-10-02,,과학·기술,과학·기술(공구),제품 클립+흰 배경 파란 제목,불꽃 없이 녹을 제거하는 유도 가열기,재사용(해외 숏폼),N,Playboard KR Shorts 주간차트(howto)
https://www.youtube.com/shorts/-kJXlU8ENi8,당신은 이유를 알고도 용서 못할 실제사건,지식코리야,977000,4386656,RSS 누적,3260917,2026-10-01,,과학·기술,사건·재난 실화,3D CG 재연+자막,당신은 이유를 알고도 용서 못 할 실제 사건,오리지널(3D 재연),N,Playboard KR Shorts 주간차트(science)
https://www.youtube.com/shorts/77UoLN9dkS8,김재규 사형당하고 엄마가 실제로 했던 말,이런 게 있다고?,58700,4383586,Playboard 주간 증가분(누적 하한),4383586,2026-08-31,,역사,역사(한국 현대사),드라마/영화 장면+분홍 하이라이트 제목+TTS,김재규가 X형 당하고 김재규 엄마가 했던 말,재사용(드라마·영화),N,Playboard KR Shorts 주간차트(education)
https://www.youtube.com/shorts/xLuF6f0nB40,"나라별 소화전, 이렇게 다르다",어랍숏,25700,4341770,Playboard 주간 증가분(누적 하한),4341770,2026-08-12,,상식·잡학,상식/나라별 비교,해외 크리에이터 영상+자막,"나라별 소화전, 이렇게 다르다","재사용(해외 크리에이터, 출처표기)",Y,Playboard KR Shorts 주간차트(sports)
https://www.youtube.com/shorts/rVe5DKVsQ18,궁하면 통한다더니! 수도꼭지 하나로 세면대를 만든 목수의 한 수,까만참새,1560,4298950,RSS 누적,1160319,2026-10-06,,과학·기술,과학·기술(DIY),가공 영상 클립+하단 긴 설명,수도꼭지 하나로 세면대를 만든 목수,재사용(해외 숏폼),Y,Playboard KR Shorts 주간차트(science)
https://www.youtube.com/shorts/ClgvBt7QH9M,노출증 걸렸냐? 기적을 쓴 한국 선수,축구 한접시,59000,4274813,RSS 누적,4088070,2026-09-28,,스포츠,스포츠(축구),유튜버 토크 헤드+자료 사진,"노출증 걸렸냐? 기적을 쓴 한국 선수 (""8년 동안"")",혼합,N,Playboard KR Shorts 주간차트(sports)
https://www.youtube.com/shorts/_3E2imqu9zg,요즘 애들은 모르는 의문의 빵ㄷㄷ,소개팁 IntroTip,721000,4250108,RSS 누적,3258925,2026-09-27,,상식·잡학,상식/추억,토크 헤드(먹방형),요즘 애들은 모르는 의문의 빵,오리지널,N,Playboard KR Shorts 주간차트(howto)
https://www.youtube.com/shorts/TBQw9lsl9tg,16세 여고생 격투 천재의 충격적인 KO ㄷㄷ,차도르,964000,4235604,Playboard 주간 증가분(누적 하한),4235604,2026-09-26,,스포츠,스포츠(격투),중계 클립+해설 토크 헤드,16세 여고생 격투 천재의 충격적인 KO,재사용+해설,N,Playboard KR Shorts 주간차트(sports)
https://www.youtube.com/shorts/2_b8fBeilic,텐트 옆에서 들리는 늑대 웃음소리,13.1cm,97500,4234519,Playboard 주간 증가분(누적 하한),4234519,2026-09-14,,상식·잡학,상식/자연,해외 유튜버 영상+한글 자막,텐트 옆에서 들리는 늑대 웃음소리,"재사용(해외 유튜버, 출처표기)",N,Playboard KR Shorts 주간차트(science)
https://www.youtube.com/shorts/pKn0meEnrBk,한국 최초 1등이 된 소년🔥#강준이#아시안게임,AmazingBrother,70300,4218574,Playboard 주간 증가분(누적 하한),4218574,2026-09-28,,스포츠,스포츠(아시안게임),중계/직접 촬영,한국 최초 1등이 된 소년,불명,N,Playboard KR Shorts 주간차트(sports)
https://www.youtube.com/shorts/7i89x0v5Pqg,앞을 막아세우자 그대로 밀어버린 초보운전 빌런은..왜 저렇게 까지..?,참사이다,118000,4202853,RSS 누적,2928630,2026-10-03,,자동차·군사,자동차(블랙박스),블랙박스+진행자 리액션(PIP),왜 저렇게까지 했을까요?,제보 영상+해설,N,Playboard KR Shorts 주간차트(vehicles)
https://www.youtube.com/shorts/pOfxZwIxhFM,당신은 30초만에 질식했을 실제 사건,지식코리야,977000,4180703,RSS 누적,3173873,2026-09-16,,과학·기술,사건·재난 실화,3D CG 재연+자막,당신은 30초 만에 질식사했을 실제 사건,오리지널(3D 재연),N,Playboard KR Shorts 주간차트(science)
https://www.youtube.com/shorts/lyOaRjIT1-4,최근 외국에서 난리났다고 칵테일 유튜버 혼자 발칵 뒤집어진 1년 전 할리스 카페음료,어쿠스틱 드링크,731000,4156519,RSS 누적,3383701,2026-09-14,,상식·잡학,음식/트렌드,크리에이터 직접 촬영,몬스터 아메리카노,오리지널,N,Playboard KR Shorts 주간차트(howto)
https://www.youtube.com/shorts/L7ZSASB0WHc,무논 정지기 : 바퀴 하나로 평탄화하는 걷기형 농기계,Master Mechanism,120000,3882119,Playboard 주간 증가분(누적 하한),3882119,2026-09-26,,과학·기술,과학·기술(농기계),가공 영상 클립+하단 설명,바퀴 하나로 평탄화하는 걷기형 농기계,재사용(해외 숏폼),N,Playboard KR Shorts 주간차트(science)
https://www.youtube.com/shorts/now9wlXFsIU,외국인이 경악한다는 한국인의 미친 순발력,짜잔1,28900,3833959,Playboard 주간 증가분(누적 하한),3833959,2026-09-30,,상식·잡학,상식/K-국뽕,커뮤니티 캡처형 카드+바이럴 영상,한국인들 순발력 진짜 미스테리네,재사용(해외 바이럴),Y,Playboard KR Shorts 주간차트(education)
https://www.youtube.com/shorts/zgrbZEWTV6I,낭만 넘치는 경강선 전철 기관사님 전설의 멘트 #지하철 #출근길 #react #반전,이건뭔공,13500,3827821,Playboard 주간 증가분(누적 하한),3827821,2026-09-15,,상식·잡학,상식/감동,바이럴 영상+리액션 자막,낭만 넘치는 경강선 기관사님 멘트,재사용,Y,Playboard KR Shorts 주간차트(education)
https://www.youtube.com/shorts/DywZgWIGzfE,네팔 대홍수 현장 영상 - 아이 둘 데리고 필사의 탈출,엠뉴 | MBC경남 NEWS,513000,3788985,Playboard 주간 증가분(누적 하한),3788985,2026-08-31,,뉴스·이슈,뉴스(재난),지역방송 현장 영상+흰 제목,네팔 대홍수 현장 영상 - 필사의 탈출,언론사(제보 영상),N,Playboard KR Shorts 주간차트(news)
https://www.youtube.com/shorts/6x4e1amkL-k,명현만을 깨부시겠다는 패기넘치는 20살 복서,오른손수면제,21900,3688791,Playboard 주간 증가분(누적 하한),3688791,2026-08-24,,스포츠,스포츠(복싱),유튜버 영상 클립,명현만을 깨부시겠다는 20살 복서,재사용(타 유튜버),Y,Playboard KR Shorts 주간차트(sports)
https://www.youtube.com/shorts/KGtzf0mqzxo,한국인의 효율성은 정말 대단하다는 외국인,숏부자,25200,3686162,Playboard 주간 증가분(누적 하한),3686162,2026-09-06,,상식·잡학,상식/K-국뽕,해외 크리에이터 영상+한글 자막,한국인의 효율성은 정말 대단하다는 외국인,재사용(해외 크리에이터),Y,Playboard KR Shorts 주간차트(howto)
https://www.youtube.com/shorts/x0M9_qoqJzg,발부터 나오는 출산.. 산모와 아기를 구한 구급대원들의 감동적인 순간,1분뉴스쇼,239000,3612315,RSS 누적,1625256,2026-09-01,,뉴스·이슈,뉴스(사연),TTS 사연+CCTV/뉴스 영상,"""아기가 발부터 나와요!!"" 119대원들의 초긴급 상황",재사용,N,Playboard KR Shorts 주간차트(news)
https://www.youtube.com/shorts/uZk6sXemycU,24살이지만 스시 장인을 꿈꾸는 여성 셰프,공간 탐닉 Space Tamnik,775000,3591358,RSS 누적,2133473,2026-09-30,,여행·나라,여행(일본),직접 촬영,24살이지만 스시 장인을 꿈꾸는 여성 셰프,오리지널,N,Playboard KR Shorts 주간차트(travel)
https://www.youtube.com/shorts/Bn5MIsxMiTw,알바 구인난이라고? 요즘 애들은 왜 아르바이트 안함? #알바 #shorts #스브스뉴스,스브스뉴스 SUBUSUNEWS,1430000,3566710,Playboard 주간 증가분(누적 하한),3566710,2026-09-15,,뉴스·이슈,뉴스/직업·알바,방송사 뉴스 쇼츠(인터뷰),요즘 애들이 알바 안 하려는 이유,방송사 자체,N,Playboard KR Shorts 주간차트(news)
https://www.youtube.com/shorts/dv3_tvdZRnU,손흥민이 조축에??,축구시간,15200,3510248,Playboard 주간 증가분(누적 하한),3510248,2026-09-27,,스포츠,스포츠(축구),유튜버 영상 클립,형이 왜 거기서 나와? 조기축구 양학하는 손흥민,재사용,Y,Playboard KR Shorts 주간차트(sports)
https://www.youtube.com/shorts/-f8EtQlO7f8,바닥을 파고 파내도 바닥이 보이지 않는다,13.1cm,97500,3487950,Playboard 주간 증가분(누적 하한),3487950,2026-09-29,,상식·잡학,상식/모험,해외 유튜버 영상+한글 자막,바닥을 파고 파내도 바닥이 보이지 않는다,재사용(해외 유튜버),N,Playboard KR Shorts 주간차트(science)
https://www.youtube.com/shorts/62GfqcqClKQ,음바페를 막는 이강인,축축,2870,3416134,Playboard 주간 증가분(누적 하한),3416134,2026-09-22,,스포츠,스포츠(축구),중계 클립,음바페를 막는 이강인,재사용(중계),Y,Playboard KR Shorts 주간차트(sports)
https://www.youtube.com/shorts/ipnS1pfllMg,22만원 도쿄 오마카세에서 나왔던 말차 와라비모찌,공간 탐닉 Space Tamnik,775000,3405014,Playboard 주간 증가분(누적 하한),3405014,2026-08-09,,여행·나라,여행(음식),직접 촬영(일본 매장),22만원 도쿄 오마카세의 말차 와라비모찌,오리지널,N,Playboard KR Shorts 주간차트(travel)
https://www.youtube.com/shorts/Tgf1kwHenCs,1억 7천짜리 테슬라가 이상합니다,MuskLab,91700,3359426,RSS 누적,1407002,2026-08-09,,자동차·군사,자동차/테슬라,직접 촬영,1억 7천짜리 테슬라가 이상합니다,오리지널,N,Playboard KR Shorts 주간차트(vehicles)
https://www.youtube.com/shorts/s8EFZXvN2ew,"프리킥 직전, 김민재가 건낸 한마디 #손흥민 #김민재 #국가대표팀",축구영웅TV,14800,3305736,RSS 누적,2980604,2026-09-25,,스포츠,스포츠(축구),중계 클립+노란 원 강조,손흥민 프리킥 직전 김민재가 건넨 한마디,재사용(중계),Y,Playboard KR Shorts 주간차트(sports)
https://www.youtube.com/shorts/C8hWVv5yPe4,'100억' 거절한 로제 #shorts / YTN, YTN,5410000,3302014,Playboard 주간 증가분(누적 하한),3302014,2026-09-03,,뉴스·이슈,뉴스/연예·돈,방송사 뉴스 쇼츠,"'100억' 중국 제안에 로제: ""안 찍어요""",방송사 자체,N,Playboard KR Shorts 주간차트(news)
https://www.youtube.com/shorts/svl36qdC1iU,상처가 아문다는 건 다시 사랑할 용기를 얻는 것,언택트립,60400,3279125,RSS 누적,1671625,2026-08-20,,자기계발·감동,감동/자기계발,영화 장면+감성 자막,상처가 아문다는 건 다시 사랑할 용기를 얻는 것,재사용(영화),N,Playboard KR Shorts 주간차트(travel)
https://www.youtube.com/shorts/xTMZKDn90Wo,잠시 길을 잃은 남자가 삶을 완성한 순간,언택트립,60400,3236723,RSS 누적,1572004,2026-08-14,,자기계발·감동,감동/자기계발,영화 장면+감성 자막,잠시 길을 잃은 남자가 삶을 완성한 순간,재사용(영화),N,Playboard KR Shorts 주간차트(travel)
https://www.youtube.com/shorts/byfiftuR9xM,모레노 첫 경기 대승에도 박문성이 분노한 이유!,축구히어로,77100,3198113,Playboard 주간 증가분(누적 하한),3198113,2026-09-25,,스포츠,스포츠(축구),타 유튜브 토크 클립,모레노호 첫 대승에도 박문성이 분노한 이유!,"재사용(타 유튜버, 출처표기)",N,Playboard KR Shorts 주간차트(sports)
https://www.youtube.com/shorts/gG3ENiuigZE,실수로 슈퍼히어로로 진화한 병사의 비밀? #과학,월드리포트,77000,3167352,Playboard 주간 증가분(누적 하한),3167352,2026-08-22,,과학·기술,과학/역사 실화,"AI 생성 영상+TTS, '댓글 참신하면 상단고정'",약만 먹고 400km를 스키만 탄 미친 병사?,AI 생성,N,Playboard KR Shorts 주간차트(science)
https://www.youtube.com/shorts/XYx35Nx1uTA,완전히 끝나버린 것 같다는 호날두 근황,들었어?,264000,3100080,Playboard 주간 증가분(누적 하한),3100080,2026-09-17,,스포츠,스포츠(축구),중계 클립+TTS(찢어진 종이 테마),완전히 끝나버린 것 같다는 호날두 근황,재사용(중계),N,Playboard KR Shorts 주간차트(sports)
https://www.youtube.com/shorts/-KI85gDwO3c,이강인 혼자 풀어가는 빌드업과 킬패스! 국대 축구,아크써클_축구,43800,3070697,RSS 누적,763729,2026-10-02,,스포츠,스포츠(축구)/분석,중계 클립+자체 전술 화살표,답 없는 후방 빌드업 이강인 해줘 축구가 답!,재사용+자체 분석,Y,Playboard KR Shorts 주간차트(sports)
https://www.youtube.com/shorts/huxTlPonbI8,용혜인 머리 위에 앉아 있는 오세훈,보수의눈,108000,3032791,Playboard 주간 증가분(누적 하한),3032791,2026-09-01,,뉴스·이슈,정치,국회 영상 클립+굵은 제목,억지부리는 용혜인 갖고 노는 오세훈,재사용(국회방송),N,Playboard KR Shorts 주간차트(news)
https://www.youtube.com/shorts/9r9ORaoBDXo,'아니 왜 패스 안받아?' 김민재의 화를 돋운 장면,리얼스포츠,146000,2970931,Playboard 주간 증가분(누적 하한),2970931,2026-10-03,,스포츠,스포츠(축구),중계 클립+물음표 그래픽,'하.. 제발 움직이라고' 김민재의 화를 돋운 장면,재사용(중계),N,Playboard KR Shorts 주간차트(sports)
https://www.youtube.com/shorts/uWFKlr26tnA,알레띠에서 이강인 입지가 미쳐버린 이유,리뷰준,16400,2955023,Playboard 주간 증가분(누적 하한),2955023,2026-09-03,,스포츠,스포츠(축구),중계+타 유튜브 클립,이강인이 메시로 보인 이유,재사용,Y,Playboard KR Shorts 주간차트(sports)
https://www.youtube.com/shorts/_99ArgMX0g8,열쇠공 시급 135만원 ㄷㄷ,JASON MEDIA,575000,2862674,Playboard 주간 증가분(누적 하한),2862674,2026-09-10,,직업·연봉,직업·연봉,해외 영상+자막+숫자 제목,44초 27만원 ㄷㄷ (열쇠공 시급),재사용(해외 영상),N,Playboard KR Shorts 주간차트(sports)
https://www.youtube.com/shorts/3KJKOtrjOS0,논란의 제주 갈치조림 식당 #shorts / YTN, YTN,5410000,2844027,Playboard 주간 증가분(누적 하한),2844027,2026-09-10,,뉴스·이슈,뉴스(사회),방송사 뉴스 쇼츠(사진 비교),"""양 적다"" 손님 항의에 영상 공개한 식당 '반전'",방송사(SNS 출처),N,Playboard KR Shorts 주간차트(news)
https://www.youtube.com/shorts/cfZ74XMx-Ek,떠난 군대 전우를 유쾌하게 보내주는 동료,하오문,37700,2839438,Playboard 주간 증가분(누적 하한),2839438,2026-08-15,,자동차·군사,군사/감동,해외 군 영상+자막,떠난 군대 전우를 유쾌하게 보내주는 동료,재사용(해외 SNS),Y,Playboard KR Shorts 주간차트(sports)
https://www.youtube.com/shorts/dBnI2c874bk,군복 입은 부부의 상상도 못한 대반전,하오문,37700,2794863,Playboard 주간 증가분(누적 하한),2794863,2026-09-05,,자동차·군사,군사/반전,해외 SNS 영상+자막,군복 입은 부부의 상상도 못한 대반전,재사용(해외 SNS),Y,Playboard KR Shorts 주간차트(sports)
https://www.youtube.com/shorts/4FFftCXbwMs,페인트 칠 고수들만 해주는 작업 ㄷㄷ,JASON MEDIA,575000,2778693,Playboard 주간 증가분(누적 하한),2778693,2026-09-23,,직업·연봉,직업/기술,해외 영상+자막,"""너 천재구나 브로?"" 알아봐주네ㅋㅋ (페인트 고수)",재사용,N,Playboard KR Shorts 주간차트(sports)
https://www.youtube.com/shorts/STQcjOB8njw,외국인들이 매일마다 머리를 감으면 안되는 이유,월간베스트 MonthlyBest,72000,2739129,Playboard 주간 증가분(누적 하한),2739129,2026-09-14,,건강,건강/상식,해외 크리에이터 영상+자막,외국인들이 매일마다 머리를 감으면 안 되는 이유,재사용(해외 크리에이터),N,Playboard KR Shorts 주간차트(sports)
https://www.youtube.com/shorts/tNjpH__aE1Q,이강인이 머리색을 바꿔야하는 이유,The Story of the Stars,41500,2735161,Playboard 주간 증가분(누적 하한),2735161,2026-09-08,,스포츠,스포츠(축구),중계 클립,해설도 헷갈림 (이강인 머리색),재사용(중계),Y,Playboard KR Shorts 주간차트(sports)
https://www.youtube.com/shorts/1pA0jkozoVA,교관도 손절해버린 신병의 수색 클라스,하오문,37700,2733314,Playboard 주간 증가분(누적 하한),2733314,2026-08-17,,자동차·군사,군사,해외 군 영상+자막,교관도 손절해버린 신병의 몸수색 클라스,재사용(해외 SNS),Y,Playboard KR Shorts 주간차트(sports)
https://www.youtube.com/shorts/mMDIMHvf_2M,얼마나 잘 막았길래 항의까지? 안세영 미친 수비 ㄷㄷ #안세영 #배드민턴,스포츄,3790,2653601,Playboard 주간 증가분(누적 하한),2653601,2026-09-27,,스포츠,스포츠(배드민턴),중계 클립,얼마나 잘 막았길래 항의까지? 안세영,재사용(중계),Y,Playboard KR Shorts 주간차트(sports)
https://www.youtube.com/shorts/ySXUhTaYd-I,지뢰를 밟은 20살 일병을 위해 의사가 선택한 마지막 방법,1분뉴스쇼,239000,2598847,RSS 누적,1603529,2026-09-23,,뉴스·이슈,뉴스(사연)/군사,TTS 사연+뉴스 영상,지뢰를 밟은 20살 일병.. 의사가 선택한 마지막 방법,재사용(뉴스),N,Playboard KR Shorts 주간차트(news)
https://www.youtube.com/shorts/4ImlTTrL3Qk,미국 이란 100곳 폭격 6시간 만에 초토화 채널A #shorts #DLAB #ashorts,채널A News,3520000,2575766,Playboard 주간 증가분(누적 하한),2575766,2026-09-03,,뉴스·이슈,뉴스(국제·전쟁),방송사 뉴스 쇼츠,"미국, 이란 100곳 폭격 6시간 만에 초토화",방송사 자체,N,Playboard KR Shorts 주간차트(news)
https://www.youtube.com/shorts/O42j30BiItI,다이슨이 27억들여 만든 집게핀의 정체,틈새지식,38100,2566156,Playboard 주간 증가분(누적 하한),2566156,2026-08-21,,과학·기술,과학·기술(제품),인스타 게시물형 카드+제품 클립,다이슨이 27억 들여 만든 집게핀의 정체,재사용(브랜드 영상),Y,Playboard KR Shorts 주간차트(science)
https://www.youtube.com/shorts/5YBu1llGTsY,베테랑 트럭기사만 의뢰받는 물건,JASON MEDIA,575000,2562258,Playboard 주간 증가분(누적 하한),2562258,2026-08-25,,직업·연봉,직업·연봉,해외 영상+자막,핸들 쥔 손에 땀이 나야 정상 (베테랑 트럭기사),재사용(해외 유튜버),N,Playboard KR Shorts 주간차트(sports)
https://www.youtube.com/shorts/IQUlE-vZM_c,멀리뛰기 세계 1위가 계단 30개 오르는 시간,쓱포츠,24700,2545500,RSS 누적,2099435,2026-09-21,,스포츠,스포츠/비교,해외 영상+자막,멀리뛰기 세계 1위가 계단 30개 오르는 시간,재사용,Y,Playboard KR Shorts 주간차트(sports)
https://www.youtube.com/shorts/jkdZKaYpp0Q,최전방의 전투는 지옥과도 같다,말이죠,17000,2544479,RSS 누적,1898583,2026-09-20,,자동차·군사,군사,전장 영상+자막,최전방의 전투는 지옥과도 같다,재사용(전장 영상),Y,Playboard KR Shorts 주간차트(science)
https://www.youtube.com/shorts/muKw_NRurxY,배제성 당황시킨 강민호,풀카운트,21000,2467507,Playboard 주간 증가분(누적 하한),2467507,2026-08-29,,스포츠,스포츠(야구),중계 클립,배제성 당황시킨 강민호의 돌발행동,재사용(중계),Y,Playboard KR Shorts 주간차트(sports)
https://www.youtube.com/shorts/L3KYiQYz-iE,공수부대 낙하 훈련에 꼭 챙기는 필수템,하오문,37700,2459849,Playboard 주간 증가분(누적 하한),2459849,2026-09-10,,자동차·군사,군사,해외 군 영상+자막,공수부대 낙하 훈련 때 꼭 챙기는 필수템,재사용(해외 SNS),Y,Playboard KR Shorts 주간차트(sports)
https://www.youtube.com/shorts/cu4y1XsiVWE,북한에서 실제로 사용된 핸드폰을 발견했습니다.,해외여행이슈,58700,2420081,Playboard 주간 증가분(누적 하한),2420081,2026-08-26,,여행·나라,여행/북한,해외 크리에이터 영상+자막,"북한 사람이 잃어버린 폰 ""누가 쓰던 폰일까?""","재사용(해외 크리에이터, 출처표기)",N,Playboard KR Shorts 주간차트(travel)
https://www.youtube.com/shorts/dy-VmFJMxMg,"정부가 몇 년을 매달려도 못 한 일, 낚싯배 위에서 5분 만에 끝났습니다 #슈퍼참치#bts #btsarmy #진 #방탄소년단",KFORCE,26400,2418907,Playboard 주간 증가분(누적 하한),2418907,2026-09-21,,뉴스·이슈,뉴스/K-국뽕,크리에이터 영상+상단 제목,"""동해 바다"" 4.3억 뷰 일본 제대로 멘붕ㅋㅋ",재사용(일본 영상),Y,Playboard KR Shorts 주간차트(news)
https://www.youtube.com/shorts/wBnVgV06BZQ,산모가 잠든 사이 홈캠에 포착된 산후도우미의 행동,1분뉴스쇼,239000,2379575,RSS 누적,1995791,2026-09-30,,뉴스·이슈,뉴스(사연),TTS 사연+홈캠/SNS 영상,산모가 잠든 사이.. 홈캠에 포착된 산후도우미의 행동,재사용(SNS 출처),N,Playboard KR Shorts 주간차트(news)
https://www.youtube.com/shorts/0Ylib55EB3U,가수 성현우가 직접 겪은 제주도 치안의 충격적인 실태,뉴스관심법,180000,2376325,Playboard 주간 증가분(누적 하한),2376325,2026-08-26,,뉴스·이슈,뉴스(사회/여행),유튜버 영상 클립+보라 제목,혼자 제주도 갔다가 살X 당할 뻔 제주도 사건,"재사용(타 유튜버, 출처표기)",N,Playboard KR Shorts 주간차트(news)
https://www.youtube.com/shorts/qkvSMjqHTSU,생사를 가르는 고도의 심리전,말이죠,17000,2372175,Playboard 주간 증가분(누적 하한),2372175,2026-08-20,,자동차·군사,군사,전장 영상+한글 자막,생사를 가르는 고도의 심리전,재사용(전장 영상),Y,Playboard KR Shorts 주간차트(science)
https://www.youtube.com/shorts/7zqHeQxvRKc,"""북한은!"" 언성 높이더니..첫 대북 메시지 #shorts",SBS 뉴스,5290000,2363640,Playboard 주간 증가분(누적 하한),2363640,2026-09-30,,뉴스·이슈,뉴스(안보),방송사 뉴스 쇼츠,"""북한은!"" 언성 높이더니 ""모든 책임은"" 단호한 질타",방송사 자체,N,Playboard KR Shorts 주간차트(news)
https://www.youtube.com/shorts/TcGNVEPm6K4,"달리던 차에서 '내동댕이'.. ""너 납치된 거야"" 태국 비상 #Shorts (MBC뉴스)",MBCNEWS,6200000,2334550,Playboard 주간 증가분(누적 하한),2334550,2026-08-26,,뉴스·이슈,뉴스(해외 범죄),방송사 뉴스 쇼츠,"달리던 차에서 '내동댕이' ""너 납치된 거야""",방송사 자체,N,Playboard KR Shorts 주간차트(news)
https://www.youtube.com/shorts/6fvOQLZSpfc,내구성 끝판왕이라더니…사이버트럭 두 동강 '충격' / KNN,KNN NEWS,1380000,2332315,Playboard 주간 증가분(누적 하한),2332315,2026-08-08,,뉴스·이슈,뉴스/자동차,지역방송 뉴스 쇼츠,총알도 끄떡없다더니 '두 동강?' 사이버트럭,방송사 자체,N,Playboard KR Shorts 주간차트(news)
https://www.youtube.com/shorts/VlG-PiAdcEI,[속보]직업 군인들의 전역러쉬?? 큰일 난 군대 상황?,전우방송국,42600,2305030,Playboard 주간 증가분(누적 하한),2305030,2026-09-19,,자동차·군사,군사/뉴스,팟캐스트 클립+상단 제목,"심각하다는 군대 상황 (""군인은 3만 원 받아요"")",재사용(타 방송),Y,Playboard KR Shorts 주간차트(news)
https://www.youtube.com/shorts/CfZ4RgGq9Bk,장대높이뛰기 1위의 체감 점프 높이,쓱포츠,24700,2291165,RSS 누적,,2026-09-11,,스포츠,스포츠/비교,해외 영상+자막,장대높이뛰기 1위의 체감 점프 높이,재사용,Y,채널 RSS(같은 채널 최근 업로드)
https://www.youtube.com/shorts/-1eV8HrglQU,억만장자들의 비밀병기 양성소,찾다보니,15900,2278665,Playboard 주간 증가분(누적 하한),2278665,2026-08-18,,상식·잡학,상식/직업,해외 영상+하단 자막,억만장자들의 비밀병기 양성소 (집사 학교),재사용,Y,Playboard KR Shorts 주간차트(science)
https://www.youtube.com/shorts/TdUsb6Pd1Z0,비행기 안내방송에 승객들 모두가 오열한 이유,1분뉴스쇼,239000,2259515,RSS 누적,1780299,2026-09-26,,뉴스·이슈,뉴스(사연),TTS 사연+뉴스/SNS 영상,비행기가 이륙하던 순간 승객들 모두가 오열한 이유,재사용,N,Playboard KR Shorts 주간차트(news)
https://www.youtube.com/shorts/BGwJkHxaxcE,이렇게 들어올 줄은…｜정체 후미에서 차량이 돌아 들어간 순간 #정체후미 #후방추돌 #shorts,BPV Lab: Road,14700,2258514,Playboard 주간 증가분(누적 하한),2258514,2026-08-16,,자동차·군사,자동차(블랙박스),CCTV/블박 영상,이렇게 들어올 줄은…,재사용(국가교통정보센터),Y,Playboard KR Shorts 주간차트(vehicles)
https://www.youtube.com/shorts/9JbEJFJ_IF4,RPG 후폭풍 테스트,13.1cm,97500,2251192,Playboard 주간 증가분(누적 하한),2251192,2026-09-18,,자동차·군사,군사/과학,해외 유튜버 영상+자막,"RPG 후폭풍 테스트 (""911 불러!!"")","재사용(해외 유튜버, 출처표기)",N,Playboard KR Shorts 주간차트(science)
https://www.youtube.com/shorts/SfQ7vN3lP08,자동차 정비소에 토요타가 왔을 때,카쇼츠,32700,2243903,Playboard 주간 증가분(누적 하한),2243903,2026-09-13,,자동차·군사,자동차,해외 크리에이터 영상+자막,자동차 정비소에 토요타가 왔을 때,재사용(해외 크리에이터),Y,Playboard KR Shorts 주간차트(vehicles)
https://www.youtube.com/shorts/CoRuC4cZkNk,지진에 저층건물이 더 위험할 수 있는 이유,한잔해쇼츠비,5740,2243495,Playboard 주간 증가분(누적 하한),2243495,2026-08-22,,과학·기술,과학(지진),해외/방송 실험 영상+자막,지진에 저층건물이 더 위험할 수 있는 이유,재사용,Y,Playboard KR Shorts 주간차트(science)
https://www.youtube.com/shorts/OtGTk2Ubg-0,설카타거북의 의외의 모습,깔끔맨,101000,2223000,RSS 누적,,2026-09-28,,과학·기술,과학·기술/상식,제품·해외 클립+자막,설카타거북의 의외의 모습,재사용(해외 숏폼),N,채널 RSS(같은 채널 최근 업로드)
https://www.youtube.com/shorts/wqkKP4TABL8,KBO에서 가장 얄짤없던 은퇴경기,빠던,12600,2190898,RSS 누적,,2026-09-30,,스포츠,스포츠(야구),중계 클립,KBO에서 가장 얄짤없던 은퇴경기,재사용(중계),Y,채널 RSS(같은 채널 최근 업로드)
https://www.youtube.com/shorts/zDisqAmSI-s,KBO 역사상 가장 폭력적인 올스타전,빠던,12600,2186731,RSS 누적,520615,2026-10-06,,스포츠,스포츠(야구),중계 아카이브+흰 배경 제목,KBO 역사상 가장 폭력적인 올스타전,재사용(중계),Y,Playboard KR Shorts 주간차트(sports)
https://www.youtube.com/shorts/LEkgvTo8Rc8,PK 직전 골키퍼에게 들린 구원의 외침,슛됐다,266000,2165207,Playboard 주간 증가분(누적 하한),2165207,2026-09-21,,스포츠,스포츠(축구),중계 클립,골키퍼보다 키커를 더 잘 아는 관중ㅋㅋ,재사용(중계),N,Playboard KR Shorts 주간차트(sports)
https://www.youtube.com/shorts/UIwKqbXtncA,반세기 동안 카페를 운영한 일본 할아버지,공간 탐닉 Space Tamnik,775000,2164309,Playboard 주간 증가분(누적 하한),2164309,2026-09-02,,여행·나라,여행(일본),직접 촬영,반세기 동안 카페를 운영한 일본 할아버지,오리지널,N,Playboard KR Shorts 주간차트(travel)
https://www.youtube.com/shorts/cH3wqLsaXCg,손흥민도 못 딴다는 우승컵의 정체 #손흥민 #타파리 #lafc,축구영웅TV,14800,2157076,RSS 누적,,2026-09-24,,스포츠,스포츠(축구),중계 클립+상단 제목,손흥민도 못 딴다는 우승컵의 정체 #손흥민 #타파리 #lafc,재사용(중계),Y,채널 RSS(같은 채널 최근 업로드)
https://www.youtube.com/shorts/_pdMhZUCKl0,"비행기 추락 순간, 딸 끌어안고 숨진 엄마 #shorts",SBS 뉴스,5290000,2125806,Playboard 주간 증가분(누적 하한),2125806,2026-10-01,,뉴스·이슈,뉴스(사고),방송사 뉴스 쇼츠,비행기 추락하는 순간 딸 끌어안고 숨진 엄마,방송사 자체,N,Playboard KR Shorts 주간차트(news)
https://www.youtube.com/shorts/raJKgltC6AA,지구에서 가장 빨랐던 달리기 스타트 #육상,1분 아드레날린,19500,2117397,Playboard 주간 증가분(누적 하한),2117397,2026-09-20,,스포츠,스포츠(육상),중계 클립,지구에서 가장 빠른 달리기 스타트,재사용(중계),Y,Playboard KR Shorts 주간차트(sports)
https://www.youtube.com/shorts/fZ9mi5zCFLs,밥먹고 GTA만 했던 진짜 이유,유머쿤,37000,2111986,RSS 누적,,2026-09-24,,상식·잡학,상식(~하는 이유),해외 영상+TTS,밥먹고 GTA만 했던 진짜 이유,재사용,Y,채널 RSS(같은 채널 최근 업로드)
https://www.youtube.com/shorts/M4HPvvDUTrQ,KBO 역사상 가장 가혹한 별명,빠던,12600,2089641,RSS 누적,,2026-09-22,,스포츠,스포츠(야구),중계 클립,KBO 역사상 가장 가혹한 별명,재사용(중계),Y,채널 RSS(같은 채널 최근 업로드)
https://www.youtube.com/shorts/ya_XQuBYYpM,삶의 마지막에 완성한 가장 중요한 일들,언택트립,60400,2064583,RSS 누적,,2026-08-17,,자기계발·감동,감동/자기계발,영화 장면+감성 자막,삶의 마지막에 완성한 가장 중요한 일들,재사용(영화),N,채널 RSS(같은 채널 최근 업로드)
https://www.youtube.com/shorts/WcQqNMRr8Es,경찰견도 순직으로 예우받는 이유,유머쿤,37000,2043095,Playboard 주간 증가분(누적 하한),2043095,2026-09-13,,상식·잡학,상식/동물,해외 영상+TTS,경찰견도 순직으로 예우받는 이유,재사용,Y,Playboard KR Shorts 주간차트(vehicles)
https://www.youtube.com/shorts/5w0KKIUlU5Y,방콕에서 -86°C 말차 라테를 주문하면 생기는 일,공간 탐닉 Space Tamnik,775000,2037834,Playboard 주간 증가분(누적 하한),2037834,2026-09-06,,여행·나라,여행(음식),직접 촬영,방콕에서 -86°C 말차 라테를 주문하면 생기는 일,오리지널,N,Playboard KR Shorts 주간차트(travel)
https://www.youtube.com/shorts/kjbLC6aRfzU,테슬라 수리비 이게 맞나요??,카비니 CarBini,235000,2033008,RSS 누적,353874,2026-10-04,,자동차·군사,자동차/돈,토크 헤드 직접 촬영,미쳐버린 테슬라 수리비,오리지널,N,Playboard KR Shorts 주간차트(vehicles)
https://www.youtube.com/shorts/OzPwOU0OTko,10년 넘게 한 팀만 인터뷰한 남자,찾다보니,15900,2030427,Playboard 주간 증가분(누적 하한),2030427,2026-09-15,,스포츠,스포츠/상식,NBA 영상+자막,10년 넘게 한 팀만 인터뷰한 남자,재사용(중계),Y,Playboard KR Shorts 주간차트(science)
https://www.youtube.com/shorts/2mm9djzZDWA,무에서 유를 창조한 성형외과 의사,어랍숏,25700,1993008,RSS 누적,,2026-10-06,,돈·재테크,상식/돈/비교,해외 크리에이터 영상+자막,무에서 유를 창조한 성형외과 의사,재사용(해외 크리에이터),Y,채널 RSS(같은 채널 최근 업로드)
https://www.youtube.com/shorts/za5OHqqcmqA,너무 뚱뚱하면 오히려 감형 받는 이유? #과학,풀업탱,31300,1973762,Playboard 주간 증가분(누적 하한),1973762,2026-08-09,,과학·기술,과학/역사 실화,"AI 생성 영상+TTS, 상단고정 유도",미친듯이 뚱뚱하면 사형당하지 못할까?,AI 생성,Y,Playboard KR Shorts 주간차트(science)
https://www.youtube.com/shorts/cXiQ1TmMikI,상처를 닫는 의료용 테이프,깔끔맨,101000,1941412,Playboard 주간 증가분(누적 하한),1941412,2026-08-20,,과학·기술,과학·기술(제품),제품 클립+노란 외곽선 자막,상처를 닫는 의료용 테이프,재사용(해외 숏폼),N,Playboard KR Shorts 주간차트(science)
https://www.youtube.com/shorts/bSMRcOsl9xg,"햇빛·바람 좋은데 ""발전기 꺼라""…제주가 보여준 역설 #shorts / KBS",KBS News,3720000,1914379,Playboard 주간 증가분(누적 하한),1914379,2026-08-10,,뉴스·이슈,뉴스/에너지,방송사 뉴스 쇼츠,"""황당하다 못해 화가 납니다"" 발전기 꺼라",방송사 자체,N,Playboard KR Shorts 주간차트(news)
https://www.youtube.com/shorts/ezaaF7gJ2nE,사냥감을 물고 유영하는 악어의 진짜 목적,지식봄,75100,1883513,RSS 누적,,2026-10-05,,과학·기술,과학·기술/자연,제품·자연 클립+흰 배경 제목,사냥감을 물고 유영하는 악어의 진짜 목적,재사용(해외 숏폼),N,채널 RSS(같은 채널 최근 업로드)
https://www.youtube.com/shorts/LC_TVn_TQdw,역주행을 막는 장치,깔끔맨,101000,1872269,Playboard 주간 증가분(누적 하한),1872269,2026-09-15,,과학·기술,과학·기술/자동차,제품 클립+자막,역주행을 막는 장치 (칼날이 눌려),재사용(해외 숏폼),N,Playboard KR Shorts 주간차트(science)
https://www.youtube.com/shorts/G7xqyYvt85A,택시 하는 사람이 어떻게 그냥 가나요.. #블랙박스 #실제상황,노클락션,7100,1868182,Playboard 주간 증가분(누적 하한),1868182,2026-09-20,,자동차·군사,자동차(블랙박스),블랙박스 영상,절대로 해서는 안 될 무책임한 행동을 한 택시,제보 영상,Y,Playboard KR Shorts 주간차트(vehicles)
https://www.youtube.com/shorts/7cQb7pv8jTc,"""야자수 밭 시신? 있을 수 없어""…장미란씨 발견지 주민 증언",서울신문 ,617000,1840210,Playboard 주간 증가분(누적 하한),1840210,2026-08-26,,뉴스·이슈,뉴스(사건),신문사 뉴스 쇼츠,장미란씨 실종 미스터리 인근 주민에게 물었더니,언론사 자체,N,Playboard KR Shorts 주간차트(news)
https://www.youtube.com/shorts/GxOsQgeQ_iI,난리난 박승수! 과거 행동까지 파묘 중인 근황!,축구히어로 외전,14700,1764147,RSS 누적,577852,2026-10-05,,스포츠,스포츠(축구),타 유튜버 토크 클립,전역모 세리머니 논란 이후 과거 행동까지 파묘 중인 박승수!,"재사용(타 유튜버, 출처표기)",Y,Playboard KR Shorts 주간차트(sports)
https://www.youtube.com/shorts/_pFRclw-3g0,KBO 역사상 가장 슬픈 맞대결,빠던,12600,1742399,RSS 누적,,2026-10-03,,스포츠,스포츠(야구),중계 클립,KBO 역사상 가장 슬픈 맞대결,재사용(중계),Y,채널 RSS(같은 채널 최근 업로드)
https://www.youtube.com/shorts/CCf6wMF5pcM,자신의 선택이 만든 기적과 마주한 남자의 실화,언택트립,60400,1735131,RSS 누적,,2026-09-01,,자기계발·감동,감동/자기계발,영화 장면+감성 자막,자신의 선택이 만든 기적과 마주한 남자의 실화,재사용(영화),N,채널 RSS(같은 채널 최근 업로드)
https://www.youtube.com/shorts/61tOBOvfP5k,비 한 방울 안 왔는데 네팔·티베트는 왜 대 홍수가 났을까?,그날그리고,9360,1692425,Playboard 주간 증가분(누적 하한),1692425,2026-08-27,,과학·기술,과학/뉴스 해설,자료 영상+TTS,비 한 방울 안 왔는데 네팔·티베트는 왜 대홍수가?,혼합,Y,Playboard KR Shorts 주간차트(science)
https://www.youtube.com/shorts/kjGk0uzZIpk,테슬라 FSD 자율주행 중 위급상황이 생기면,슬라쇼츠TV,24500,1691238,RSS 누적,1438651,2026-09-15,,자동차·군사,자동차/테슬라,해외 영상+타이머 그래픽,테슬라 자율주행 중 위급상황이 생기면,재사용,Y,Playboard KR Shorts 주간차트(vehicles)
https://www.youtube.com/shorts/GQ9vyCJXPZQ,아이폰 듀오 실시간 반응ㅋㅋㅋ 솔직히 공감?,주연 ZUYONI,835000,1685917,Playboard 주간 증가분(누적 하한),1685917,2026-09-10,,기술·IT,IT(스마트폰),크리에이터 직접 촬영(핸즈온),아이폰 듀오 실시간 반응,오리지널,N,Playboard KR Shorts 주간차트(science)
https://www.youtube.com/shorts/q5yhwwVYQlw,제주서 실종된 성인들 한 해 1천 명 육박 왜? #뉴스A시티라이브 #shorts,채널A News,3520000,1674429,Playboard 주간 증가분(누적 하한),1674429,2026-08-26,,뉴스·이슈,뉴스(사회),방송사 뉴스 쇼츠,제주서 실종된 성인들 한 해 1천 명 육박 왜?,방송사 자체,N,Playboard KR Shorts 주간차트(news)
https://www.youtube.com/shorts/2nzl2PNVYtw,어릴 때의 세상이 더 생생했던 이유,틈새지식,38100,1665395,Playboard 주간 증가분(누적 하한),1665395,2026-09-22,,과학·기술,과학(심리),인스타 게시물형 카드+영상,어릴 때의 세상이 더 생생했던 이유,재사용,Y,Playboard KR Shorts 주간차트(science)
https://www.youtube.com/shorts/i2DkXTS-czw,저격수의 정석,말이죠,17000,1662998,Playboard 주간 증가분(누적 하한),1662998,2026-08-17,,자동차·군사,군사,전장 영상+자막,저격에서 가장 중요한 것,재사용(전장 영상),Y,Playboard KR Shorts 주간차트(science)
https://www.youtube.com/shorts/sveKCtL5rcE,"털 뽀송한 거 보니 애기네""...산책로 헤매는 '천연기념물'에 반응 폭발｜ TJB 대전·세종·충남뉴스",TJB NEWS,194000,1639213,Playboard 주간 증가분(누적 하한),1639213,2026-09-29,,뉴스·이슈,뉴스(동물),지역방송 뉴스 쇼츠,"""털 뽀송한 거 보니 애기네"" '천연기념물'에 반응 폭발",방송사(제보),N,Playboard KR Shorts 주간차트(news)
https://www.youtube.com/shorts/pr30NxmxOUI,균열 없이 수축하는 집의 빈틈을 막는 탄성 폼,지식봄,75100,1637762,RSS 누적,,2026-10-03,,과학·기술,과학·기술/자연,제품·자연 클립+흰 배경 제목,균열 없이 수축하는 집의 빈틈을 막는 탄성 폼,재사용(해외 숏폼),N,채널 RSS(같은 채널 최근 업로드)
https://www.youtube.com/shorts/_N6Fvmp7vZY,절대 후회없는 다이소 차량용품 추천2,카팁,365000,1625072,Playboard 주간 증가분(누적 하한),1625072,2026-09-12,,자동차·군사,자동차/꿀팁,토크 헤드 직접 촬영,다이소의 실수 이건 꼭 사세요,오리지널,N,Playboard KR Shorts 주간차트(vehicles)
https://www.youtube.com/shorts/2G1SZVeOVuk,경기 중에 말 거는 육상선수,쓱포츠,24700,1592821,RSS 누적,,2026-09-15,,스포츠,스포츠/비교,해외 영상+자막,경기 중에 말 거는 육상선수,재사용,Y,채널 RSS(같은 채널 최근 업로드)
https://www.youtube.com/shorts/W3EFshaMZxw,500kg의 힘으로 트랙을 달리는 소리,쓱포츠,24700,1589689,RSS 누적,,2026-09-26,,스포츠,스포츠/비교,해외 영상+자막,500kg의 힘으로 트랙을 달리는 소리,재사용,Y,채널 RSS(같은 채널 최근 업로드)
https://www.youtube.com/shorts/0Fd_UWApVGs,우리군이 북한 감당 못해요?..단도직입적으로 물어보는 송영길! #shorts,바꿀수만있다면TV,408000,1574436,Playboard 주간 증가분(누적 하한),1574436,2026-08-20,,뉴스·이슈,정치/군사,국회 영상 클립,우리군이 북한 감당 못해요? 단도직입적으로 묻는 송영길,"재사용(국회방송, 출처표기)",N,Playboard KR Shorts 주간차트(news)
https://www.youtube.com/shorts/N41SZi8fYro,시력 잃고도 매일 '신문 배달'...12살 리트리버 '메이슨'｜ TJB 대전·세종·충남뉴스,TJB NEWS,194000,1573426,Playboard 주간 증가분(누적 하한),1573426,2026-09-02,,뉴스·이슈,뉴스(동물),지역방송 뉴스 쇼츠,시력 잃고도 매일 '신문 배달' 12살 리트리버,방송사(외신),N,Playboard KR Shorts 주간차트(news)
https://www.youtube.com/shorts/BP9_oWZd9vw,손흥민이 주장인 게 ‘불만’이라는 후배들..ㄷㄷ,킥킥싸커,16000,1570977,RSS 누적,1282075,2026-10-07,,스포츠,스포츠(축구),인터뷰 클립+TTS,손흥민이 주장인 게 '불만'이라는 후배들,재사용(방송),Y,Playboard KR Shorts 주간차트(sports)
https://www.youtube.com/shorts/36xard6GUh8,저격수를 빡치게 만드는 방법,말이죠,17000,1567395,Playboard 주간 증가분(누적 하한),1567395,2026-08-27,,자동차·군사,군사,전장 영상+자막,저격수를 빡치게 만드는 방법,재사용,Y,Playboard KR Shorts 주간차트(science)
https://www.youtube.com/shorts/5kRWkiCYSbY,"트램펄린 위 🦖공룡으로 보는 뉴턴의 제1법칙, 관성",틈새지식,38100,1534152,Playboard 주간 증가분(누적 하한),1534152,2026-09-06,,과학·기술,과학(물리),실험 영상+흰 배경 제목,"트램펄린 위 공룡으로 보는 뉴턴의 제1법칙, 관성",재사용(해외 숏폼),Y,Playboard KR Shorts 주간차트(science)
https://www.youtube.com/shorts/pDqrjXqP2yE,"""이게 군대입니까?"" #쇼츠 #국방부 #기자 #지뢰 #dmz",OBS뉴스,425000,1528600,Playboard 주간 증가분(누적 하한),1528600,2026-09-22,,뉴스·이슈,뉴스/군사,방송사 뉴스 쇼츠,'이게 군대냐?' 기자 대폭발,방송사 자체,N,Playboard KR Shorts 주간차트(news)
https://www.youtube.com/shorts/GSh0wE8d_nI,"""돈줄 끊겨"" 영상 300개 삭제.. 먹방 유튜버들 '날벼락' #Shorts (MBC뉴스)",MBCNEWS,6200000,1522105,Playboard 주간 증가분(누적 하한),1522105,2026-09-22,,뉴스·이슈,뉴스/돈(유튜버 수익),방송사 뉴스 쇼츠,"먹방 유튜버들 '날벼락' (""돈줄 끊겨"")",방송사 자체,N,Playboard KR Shorts 주간차트(news)
https://www.youtube.com/shorts/-r4MLoybsHU,당신이 절대 믿지 못할 충격적인 사건들,지식코리야,977000,1521394,RSS 누적,1280865,2026-09-13,,과학·기술,사건·재난 실화,3D CG 재연+자막,당신은 꿈에서도 못 볼 실제 사건들,오리지널(3D 재연),N,Playboard KR Shorts 주간차트(science)
https://www.youtube.com/shorts/vxlX43YBNx0,신호위반 택시를 멈춰 세운 경찰이 뒷좌석을 본 순간 굳어버린 이유,1분뉴스쇼,239000,1503560,RSS 누적,,2026-08-10,,뉴스·이슈,뉴스(사연),TTS 사연+뉴스/CCTV 영상,신호위반 택시를 멈춰 세운 경찰이 뒷좌석을 본 순간 굳어버린 이유,재사용,N,채널 RSS(같은 채널 최근 업로드)
https://www.youtube.com/shorts/uyTEkRchU7g,"충전 아니고 '방전', 돈도 벌 수 있다고요? #shorts / KBS",KBS News,3720000,1502453,Playboard 주간 증가분(누적 하한),1502453,2026-08-10,,뉴스·이슈,뉴스/돈·기술,방송사 뉴스 쇼츠,충전 아니고 '방전' 돈도 벌 수 있다고요?,방송사 자체,N,Playboard KR Shorts 주간차트(news)
https://www.youtube.com/shorts/h6CMA-Beeno,미래 BMW의 새로운 얼굴,카쇼츠,32700,1489087,Playboard 주간 증가분(누적 하한),1489087,2026-09-29,,자동차·군사,자동차(신차),발표회 영상+자막,미래 BMW의 새로운 얼굴,재사용(브랜드 영상),Y,Playboard KR Shorts 주간차트(vehicles)
https://www.youtube.com/shorts/fLI34pZcysc,"'태극기 모자' 中 남성..""징역 46년"" #Shorts (MBC뉴스)",MBCNEWS,6200000,1478094,Playboard 주간 증가분(누적 하한),1478094,2026-08-10,,뉴스·이슈,뉴스(국제),방송사 뉴스 쇼츠,"'태극기 모자' 中 남성 ""징역 46년""",방송사(외신),N,Playboard KR Shorts 주간차트(news)
https://www.youtube.com/shorts/xxscQ8Q7yHM,"벤치에서 격해진 김민재, 경기 뒤 꺼낸 한마디 #손흥민 #김민재 #국가대표팀",축구영웅TV,14800,1471329,RSS 누적,,2026-10-02,,스포츠,스포츠(축구),중계 클립+상단 제목,"벤치에서 격해진 김민재, 경기 뒤 꺼낸 한마디 #손흥민 #김민재 #국가대표팀",재사용(중계),Y,채널 RSS(같은 채널 최근 업로드)
https://www.youtube.com/shorts/tvQ6EQsU-vY,1차로 정속충 낭만으로 참교육,알룔료,352000,1468683,RSS 누적,,2026-09-06,,자동차·군사,자동차/운전 상식,자체 2D 카툰 애니메이션,1차로 정속충 낭만으로 참교육,오리지널(애니),N,채널 RSS(같은 채널 최근 업로드)
https://www.youtube.com/shorts/g7XjzW31E7A,"올라간 아파트 값, 누가 가져갈까?",1waynews 한길뉴스,949000,1462909,Playboard 주간 증가분(누적 하한),1462909,2026-08-12,,돈·재테크,돈/부동산,강의형 토크 헤드,공산화 시키는 제일 빠른 방법 (아파트 값),오리지널(유튜브 채널),N,Playboard KR Shorts 주간차트(news)
https://www.youtube.com/shorts/_5xZOdqTpkw,아이폰 듀오 실물 | 애플은 변태다,가전주부,449000,1456008,Playboard 주간 증가분(누적 하한),1456008,2026-09-10,,기술·IT,IT(스마트폰),크리에이터 직접 촬영,아이폰 듀오 실물,오리지널,N,Playboard KR Shorts 주간차트(science)
https://www.youtube.com/shorts/Kpe-_ucvatU,절대 후회없는 다이소 차량용품 추천4,카팁,365000,1434249,RSS 누적,,2026-09-20,,자동차·군사,자동차/꿀팁,토크 헤드 직접 촬영,절대 후회없는 다이소 차량용품 추천4,오리지널,N,채널 RSS(같은 채널 최근 업로드)
https://www.youtube.com/shorts/pj0sLxGAgRQ,이빨이 800개나 자라난 소년의 최후? #과학,풀업탱,31300,1423051,Playboard 주간 증가분(누적 하한),1423051,2026-08-10,,과학·기술,과학/의학 실화,"AI/3D 생성 영상+TTS, 상단고정 유도",이빨이 800개나 자라난 소년의 최후?,AI 생성,Y,Playboard KR Shorts 주간차트(science)
https://www.youtube.com/shorts/0C1Z43810B0,파를 심든 벼를 심든 내 땅까지 따지겠다는 정부,우팡로켓,91000,1421646,Playboard 주간 증가분(누적 하한),1421646,2026-09-29,,뉴스·이슈,정치/부동산,국회 영상 클립+명조 제목,자본주의 나라에서 공산주의 사상? 패닉에 빠지게 한다고,재사용(국회방송),N,Playboard KR Shorts 주간차트(news)
https://www.youtube.com/shorts/SAnv_IKaPXA,길거리 다툼에 대해 당신이 몰랐던 사실,블박팀,222000,1420963,Playboard 주간 증가분(누적 하한),1420963,2026-09-12,,상식·잡학,상식/법,블박/CCTV 영상+자막,함부로 싸우면 안 되는 이유,재사용(제보),N,Playboard KR Shorts 주간차트(vehicles)
https://www.youtube.com/shorts/aI6gu_yhkDQ,진짜 개지리는 회장님차 제네시스 GV90,UPSub없섭,515000,1420894,Playboard 주간 증가분(누적 하한),1420894,2026-08-20,,자동차·군사,자동차,크리에이터 직접 촬영(셀카 토크),진짜 개지리는 회장님차 제네시스 GV90,오리지널,N,Playboard KR Shorts 주간차트(science)
https://www.youtube.com/shorts/BFTtMUnIvRc,오늘 공개된 아이폰 듀오 실물,ITSub잇섭,2840000,1406397,Playboard 주간 증가분(누적 하한),1406397,2026-09-10,,기술·IT,IT(스마트폰),크리에이터 직접 촬영,(아이폰 듀오 실물),오리지널,N,Playboard KR Shorts 주간차트(science)
https://www.youtube.com/shorts/O0TjFbJe3C4,마누라한테 샷건을 선물하는 미국,13.1cm,97500,1381930,Playboard 주간 증가분(누적 하한),1381930,2026-09-21,,상식·잡학,상식/미국,해외 유튜버 영상+자막,마누라한테 샷건을 선물하는 미국,"재사용(해외 유튜버, 출처표기)",N,Playboard KR Shorts 주간차트(science)
https://www.youtube.com/shorts/nCBuQVRqxwI,"""진정한 명품 아파트"" #shorts / YTN", YTN,5410000,1378613,Playboard 주간 증가분(누적 하한),1378613,2026-08-12,,뉴스·이슈,뉴스(사회),방송사 뉴스 쇼츠,"""아파트 직원이 수술"" 그러자 벌어진 '기적'",방송사 자체,N,Playboard KR Shorts 주간차트(news)
https://www.youtube.com/shorts/0Wkfy1kjkeo,[4K] GV90 네오룬 새로 뽑으신 회장님 시점 간접체험하기,차덕DUCK,7370,1364753,RSS 누적,1023324,2026-09-13,,자동차·군사,자동차,직접 촬영(4K POV),GV90 네오룬 회장님 시점 간접체험,오리지널,Y,Playboard KR Shorts 주간차트(travel)
https://www.youtube.com/shorts/yHXikqjo3hM,밥먹다가 집이 타오른 건에 대하여,13.1cm,97500,1352915,RSS 누적,,2026-10-05,,자동차·군사,상식/모험·군사,해외 유튜버 영상+한글 자막,밥먹다가 집이 타오른 건에 대하여,재사용(해외 유튜버),N,채널 RSS(같은 채널 최근 업로드)
https://www.youtube.com/shorts/cp_k5eyiI20,사이버트럭 노래인데 가사가 너무하네ㅋㅋ,MuskLab,91700,1318007,RSS 누적,,2026-09-16,,자동차·군사,자동차/테슬라,직접 촬영,사이버트럭 노래인데 가사가 너무하네ㅋㅋ,오리지널,N,채널 RSS(같은 채널 최근 업로드)
https://www.youtube.com/shorts/EO8goflNHOY,범인도 못 잡고 종결?…해운대 발칵 뒤집혔다 #JTBC #Shorts,JTBC News,4900000,1317360,Playboard 주간 증가분(누적 하한),1317360,2026-09-08,,뉴스·이슈,뉴스(사회),방송사 뉴스 쇼츠,"""맞으면 즉사지"" 해운대 발칵 뒤집혔다",방송사 자체,N,Playboard KR Shorts 주간차트(news)
https://www.youtube.com/shorts/z5AH_A3ZLjs,"[속보]김승원, 5년동안 세금을 안냈다고??",전우방송국,42600,1306313,Playboard 주간 증가분(누적 하한),1306313,2026-09-15,,뉴스·이슈,정치,국회 영상 클립,"끝까지 미는 이유? 단 하나, 공소취소??",재사용,Y,Playboard KR Shorts 주간차트(news)
https://www.youtube.com/shorts/j2uwtQjJhP0,"폴드8 입수, 모서리 꾹꾹이 실시",주연 ZUYONI,835000,1300666,Playboard 주간 증가분(누적 하한),1300666,2026-09-07,,기술·IT,IT(스마트폰),크리에이터 직접 촬영,"폴드8 입수, 모서리 꾹꾹이 실시",오리지널,N,Playboard KR Shorts 주간차트(science)
https://www.youtube.com/shorts/dJvlBdzm5BE,이제 버려야 한다는 ‘투박 그자체 오현규’..ㄷㄷ,킥킥싸커,16000,1292470,RSS 누적,,2026-10-06,,스포츠,스포츠(축구),인터뷰 클립+TTS,이제 버려야 한다는 ‘투박 그자체 오현규’..ㄷㄷ,재사용(방송),Y,채널 RSS(같은 채널 최근 업로드)
https://www.youtube.com/shorts/nX7hRvenQm4,곰 vs 인간,13.1cm,97500,1292375,Playboard 주간 증가분(누적 하한),1292375,2026-09-16,,상식·잡학,상식/자연,해외 유튜버 영상+자막,"곰 vs 인간 (""저기 보세요. 그리즐리곰입니다"")",재사용(해외 유튜버),N,Playboard KR Shorts 주간차트(science)
https://www.youtube.com/shorts/n85-P5LE5b0,히말라야가 바다에서 솟아오른 5천만 년,호두의 AI 분석실,12300,1277182,Playboard 주간 증가분(누적 하한),1277182,2026-08-29,,과학·기술,과학(지구),AI 생성 영상(지형 변화),히말라야가 바다에서 솟아오른 5천만 년,AI 생성,Y,Playboard KR Shorts 주간차트(science)
https://www.youtube.com/shorts/OoGWDq1cQ7M,안전을 위한 장치,깔끔맨,101000,1258546,Playboard 주간 증가분(누적 하한),1258546,2026-09-07,,과학·기술,과학·기술(장치),제품 클립+자막,안전을 위한 장치,재사용(해외 숏폼),N,Playboard KR Shorts 주간차트(science)
https://www.youtube.com/shorts/Cgy94EnkNGo,제네시스 GV90 실물 공개,유휘,99600,1246842,Playboard 주간 증가분(누적 하한),1246842,2026-08-20,,자동차·군사,자동차(신차),현장 촬영,제네시스 GV90 공개,오리지널/현장,N,Playboard KR Shorts 주간차트(vehicles)
https://www.youtube.com/shorts/SziuwnrbLGk,KBO 체질을 바꾼 용병,빠던,12600,1238899,RSS 누적,,2026-10-02,,스포츠,스포츠(야구),중계 클립,KBO 체질을 바꾼 용병,재사용(중계),Y,채널 RSS(같은 채널 최근 업로드)
https://www.youtube.com/shorts/liPmwD_56M0,대형 기둥이 변신하는 이유,찾다보니,15900,1217991,Playboard 주간 증가분(누적 하한),1217991,2026-08-30,,과학·기술,과학·기술(건축),해외 영상+하단 자막,대형 기둥이 변신하는 이유 (메디나 광장 파라솔),재사용,Y,Playboard KR Shorts 주간차트(science)
https://www.youtube.com/shorts/Ha4oXFhwbis,"패스 끊긴 음바페, 이번엔 이강인과 1대1 #이강인 #at마드리드 #레알마드리드",축구영웅TV,14800,1210918,RSS 누적,,2026-09-22,,스포츠,스포츠(축구),중계 클립+상단 제목,"패스 끊긴 음바페, 이번엔 이강인과 1대1 #이강인 #at마드리드 #레알마드리드",재사용(중계),Y,채널 RSS(같은 채널 최근 업로드)
https://www.youtube.com/shorts/b4bMBo_ID2g,세상이 그어놓은 경계를 용기 내어 넘어선 순간,언택트립,60400,1189931,RSS 누적,,2026-09-07,,자기계발·감동,감동/자기계발,영화 장면+감성 자막,세상이 그어놓은 경계를 용기 내어 넘어선 순간,재사용(영화),N,채널 RSS(같은 채널 최근 업로드)
https://www.youtube.com/shorts/vZ5l24K1bxw,96즈 은퇴 논란 여파에 ‘다시 화제된 이재성 발언’..ㄷㄷ,킥킥싸커,16000,1177004,RSS 누적,,2026-10-07,,스포츠,스포츠(축구),인터뷰 클립+TTS,96즈 은퇴 논란 여파에 ‘다시 화제된 이재성 발언’..ㄷㄷ,재사용(방송),Y,채널 RSS(같은 채널 최근 업로드)
https://www.youtube.com/shorts/UuhtK_Av9y4,10000m 1위의 경이로운 스퍼트,쓱포츠,24700,1156318,RSS 누적,,2026-09-13,,스포츠,스포츠/비교,해외 영상+자막,10000m 1위의 경이로운 스퍼트,재사용,Y,채널 RSS(같은 채널 최근 업로드)
https://www.youtube.com/shorts/eU9raPbSpB0,벤츠 따라하다 박살,유휘,99600,1152285,Playboard 주간 증가분(누적 하한),1152285,2026-08-21,,자동차·군사,자동차,해외 영상+자막,벤츠 흉내내다 박살,재사용,N,Playboard KR Shorts 주간차트(vehicles)
https://www.youtube.com/shorts/lHaRKfGMfCc,당당하게 소리치고 뒤돌아선 그의 최후,틈새지식,38100,1152010,Playboard 주간 증가분(누적 하한),1152010,2026-08-30,,상식·잡학,상식/자연,인스타 게시물형 카드+영상,당당하게 소리치고 뒤돌아선 그의 최후,재사용,Y,Playboard KR Shorts 주간차트(science)
https://www.youtube.com/shorts/J0HpjX19ZQE,테슬라가 갑자기 전봇대로 갑니다,MuskLab,91700,1146680,RSS 누적,,2026-08-22,,자동차·군사,자동차/테슬라,직접 촬영,테슬라가 갑자기 전봇대로 갑니다,오리지널,N,채널 RSS(같은 채널 최근 업로드)
https://www.youtube.com/shorts/XPn9ZyAoHaw,스위스가 세계에서 가장 살기 좋은나라인 이유,올트(all_travelday),13300,1146251,Playboard 주간 증가분(누적 하한),1146251,2026-09-11,,여행·나라,여행/나라 상식,해외 영상+자막,스위스가 세계에서 가장 살기 좋은 나라인 이유,재사용,Y,Playboard KR Shorts 주간차트(travel)
https://www.youtube.com/shorts/xY06RztAuOs,물고기를 밥으로 vs 내가 물고기 밥으로,13.1cm,97500,1143023,RSS 누적,,2026-10-04,,자동차·군사,상식/모험·군사,해외 유튜버 영상+한글 자막,물고기를 밥으로 vs 내가 물고기 밥으로,재사용(해외 유튜버),N,채널 RSS(같은 채널 최근 업로드)
https://www.youtube.com/shorts/4pxg9jbRKag,2026 아시안 게임 남자 축구 결승 한국 vs 일본 금메달 이기혁 박승수 [나고야 아시안게임],스포츠매거진,57800,1116920,RSS 누적,657280,2026-10-05,,스포츠,스포츠(축구)/뉴스,뉴스 사진+긴급속보 배너,긴급속보 한국 축구 사과문 군면제 박탈,재사용(보도사진),N,Playboard KR Shorts 주간차트(sports)
https://www.youtube.com/shorts/a4AwT3urBwg,"러시아가 우크라보다 20배로 날았는데, 우크라 전투기는 늘어나네...💪 #러우전쟁 #우크라이나공군 #F16",지팁,74200,1103144,Playboard 주간 증가분(누적 하한),1103144,2026-08-10,,자동차·군사,군사/국제,전쟁 자료 영상+TTS 해설,러시아가 지웠다던 우크라 공군의 기적,재사용(자료 영상),N,Playboard KR Shorts 주간차트(science)
https://www.youtube.com/shorts/bPQ9eolGWCg,뱀 보면 이것부터 확인해라,짤고리즘,33700,1061581,RSS 누적,417039,2026-10-07,,상식·잡학,상식/안전,밈 편집(트윗 캡처+도표 '독 있음/없음'),뱀 보면 이것부터 확인해라,재사용+자체 그래픽,Y,Playboard KR Shorts 주간차트(howto)
https://www.youtube.com/shorts/Aa14oPh1LPY,커튼을 치고 착륙하는 내기를 한 조종사의 최후? #과학,풀업탱,31300,1056904,Playboard 주간 증가분(누적 하한),1056904,2026-08-30,,과학·기술,과학/실화,"AI 생성 영상+TTS, 상단고정 유도",커튼 치고 착륙하는 내기를 한 조종사의 최후?,AI 생성,Y,Playboard KR Shorts 주간차트(science)
https://www.youtube.com/shorts/RVs1cX7LR1E,"프리킥 직전, 이강인이 건넨 한마디 #손흥민 #이강인 #국가대표팀",축구영웅TV,14800,1039235,RSS 누적,,2026-10-06,,스포츠,스포츠(축구),중계 클립+상단 제목,"프리킥 직전, 이강인이 건넨 한마디 #손흥민 #이강인 #국가대표팀",재사용(중계),Y,채널 RSS(같은 채널 최근 업로드)
https://www.youtube.com/shorts/i8tPkNfUKGg,폴드8으로 스타크래프트 1을 직접 돌려보는데...,더신자 TheSINZA,375000,1023872,Playboard 주간 증가분(누적 하한),1023872,2026-08-15,,기술·IT,IT/게임,크리에이터 직접 촬영,폴드8 스타크래프트 1 돌리기,오리지널,N,Playboard KR Shorts 주간차트(science)
https://www.youtube.com/shorts/O5vRbKmSCeA,양치기견들이 필사적으로 짖은 이유,유머쿤,37000,991196,RSS 누적,,2026-10-02,,상식·잡학,상식(~하는 이유),해외 영상+TTS,양치기견들이 필사적으로 짖은 이유,재사용,Y,채널 RSS(같은 채널 최근 업로드)
https://www.youtube.com/shorts/NyrjawBxKr4,붕괴 사고로 지하에 갇힌 굴착기 기사.. 섣불리 구조할 수가 없었다,1분뉴스쇼,239000,982720,RSS 누적,,2026-10-02,,뉴스·이슈,뉴스(사연),TTS 사연+뉴스/CCTV 영상,붕괴 사고로 지하에 갇힌 굴착기 기사.. 섣불리 구조할 수가 없었다,재사용,N,채널 RSS(같은 채널 최근 업로드)
https://www.youtube.com/shorts/xED_0Pi76gI,"브라질 C-390 수송기 핵심기술, 한국에게 알려주는 반전이유",썰매,169000,980297,Playboard 주간 증가분(누적 하한),980297,2026-08-10,,자동차·군사,군사/K-방산,자료 영상+TTS 해설,"브라질, C390 핵심기술 한국에게 퍼주는 반전 이유",재사용(자료 영상),N,Playboard KR Shorts 주간차트(science)
https://www.youtube.com/shorts/5hoqESp67jo,시간을 되돌려도 바꿀 수 없는 한 가지,언택트립,60400,978820,RSS 누적,,2026-08-10,,자기계발·감동,감동/자기계발,영화 장면+감성 자막,시간을 되돌려도 바꿀 수 없는 한 가지,재사용(영화),N,채널 RSS(같은 채널 최근 업로드)
https://www.youtube.com/shorts/5mir8GnAQfo,테슬라가 너무 사람처럼 운전해서 생긴 일,MuskLab,91700,974366,RSS 누적,,2026-09-13,,자동차·군사,자동차/테슬라,직접 촬영,테슬라가 너무 사람처럼 운전해서 생긴 일,오리지널,N,채널 RSS(같은 채널 최근 업로드)
https://www.youtube.com/shorts/Zs0liN1Rtj8,제자리에서 무려 3.6m를 뛰는 선수,쓱포츠,24700,972590,RSS 누적,,2026-10-06,,스포츠,스포츠/비교,해외 영상+자막,제자리에서 무려 3.6m를 뛰는 선수,재사용,Y,채널 RSS(같은 채널 최근 업로드)
https://www.youtube.com/shorts/1aLOPNgvvIc,사람이 감당할 수 없는 총이다,13.1cm,97500,971081,RSS 누적,,2026-10-04,,자동차·군사,상식/모험·군사,해외 유튜버 영상+한글 자막,사람이 감당할 수 없는 총이다,재사용(해외 유튜버),N,채널 RSS(같은 채널 최근 업로드)
https://www.youtube.com/shorts/kgovUHNnQJg,KBO 최고 연출 은퇴경기,빠던,12600,970454,RSS 누적,,2026-09-27,,스포츠,스포츠(야구),중계 클립,KBO 최고 연출 은퇴경기,재사용(중계),Y,채널 RSS(같은 채널 최근 업로드)
https://www.youtube.com/shorts/9GtzQqIvjUY,박정희가 김재규에게 바로 죽은게 아니다?,이런 게 있다고?,58700,966663,RSS 누적,,2026-09-23,,역사,역사(한국 현대사),드라마/자료 영상+TTS 일화,박정희가 김재규에게 바로 죽은게 아니다?,재사용(드라마·자료),N,채널 RSS(같은 채널 최근 업로드)
https://www.youtube.com/shorts/8Jf-4zG86Vg,해병대 출신이냐고 물어보면 안되는 이유,하오문,37700,924622,RSS 누적,551135,2026-10-08,,자동차·군사,군사,해외 군 영상+노란 외곽선 강조,해병대 출신이냐고 물어보면 안 되는 이유,재사용(해외 SNS),Y,Playboard KR Shorts 주간차트(sports)
https://www.youtube.com/shorts/uIZ0CB4Blvk,장난감 테슬라로 차주인 척하는 법,MuskLab,91700,918271,RSS 누적,,2026-09-26,,자동차·군사,자동차/테슬라,직접 촬영,장난감 테슬라로 차주인 척하는 법,오리지널,N,채널 RSS(같은 채널 최근 업로드)
https://www.youtube.com/shorts/kjuyWuSVphM,비 맞기 싫어서 테슬라를 불렀더니,MuskLab,91700,917578,RSS 누적,,2026-09-28,,자동차·군사,자동차/테슬라,직접 촬영,비 맞기 싫어서 테슬라를 불렀더니,오리지널,N,채널 RSS(같은 채널 최근 업로드)
https://www.youtube.com/shorts/kdmGCQvRDU0,2천만 명이 소름 돋았다는 대학 육상 레전드 역전극 ㄷㄷ #shorts,숏포츠,46100,911512,Playboard 주간 증가분(누적 하한),911512,2026-10-03,,스포츠,스포츠(육상),중계 클립+자막,2천만이 돌려본 마지막 10초,재사용(중계),Y,Playboard KR Shorts 주간차트(sports)
https://www.youtube.com/shorts/Af9CBHl6_Sw,184명의 승객을 태운 제주항공 비상 착륙 상황..,1분뉴스쇼,239000,890359,RSS 누적,,2026-10-06,,뉴스·이슈,뉴스(사연),TTS 사연+뉴스/CCTV 영상,184명의 승객을 태운 제주항공 비상 착륙 상황..,재사용,N,채널 RSS(같은 채널 최근 업로드)
https://www.youtube.com/shorts/RAPAOEuDeSA,96라인 대표팀 은퇴 논란에 박문성이 날린 일침!,축구히어로,77100,878900,RSS 누적,688683,2026-10-08,,스포츠,스포츠(축구),팬 리액션/토크 클립,96라인 대표팀 은퇴 논란에 박문성이 날린 일침!,"재사용(타 유튜버, 출처표기)",N,Playboard KR Shorts 주간차트(sports)
https://www.youtube.com/shorts/p7rd9nCZcr8,솔직히 '기괴' 하다는 대표팀 96년생 라인들,싸커홀릭,51600,878349,RSS 누적,818192,2026-10-08,,스포츠,스포츠(축구),타 유튜버 토크 클립,솔직히 '기괴'하다는 대표팀 96년생 라인들,재사용(타 유튜버),N,Playboard KR Shorts 주간차트(sports)
https://www.youtube.com/shorts/rgzovlRt3Io,앞차가 있는데도 쌍라이트를 안 끕니다,MuskLab,91700,864206,RSS 누적,,2026-09-05,,자동차·군사,자동차/테슬라,직접 촬영,앞차가 있는데도 쌍라이트를 안 끕니다,오리지널,N,채널 RSS(같은 채널 최근 업로드)
https://www.youtube.com/shorts/NnccSKIxsYk,랜챗상대가 포켓몬 승부를 걸어왔다,어랍숏,25700,822982,RSS 누적,,2026-10-04,,돈·재테크,상식/돈/비교,해외 크리에이터 영상+자막,랜챗상대가 포켓몬 승부를 걸어왔다,재사용(해외 크리에이터),Y,채널 RSS(같은 채널 최근 업로드)
https://www.youtube.com/shorts/6NdKRQExud8,그냥 아예 은퇴하는게 ‘국대에 도움된다는 추멘’..ㄷㄷ,킥킥싸커,16000,808560,RSS 누적,,2026-10-08,,스포츠,스포츠(축구),인터뷰 클립+TTS,그냥 아예 은퇴하는게 ‘국대에 도움된다는 추멘’..ㄷㄷ,재사용(방송),Y,채널 RSS(같은 채널 최근 업로드)
https://www.youtube.com/shorts/H7H2Y2PSHOw,별 달린 식당보다 만족도가 높다,13.1cm,97500,806156,RSS 누적,,2026-10-06,,자동차·군사,상식/모험·군사,해외 유튜버 영상+한글 자막,별 달린 식당보다 만족도가 높다,재사용(해외 유튜버),N,채널 RSS(같은 채널 최근 업로드)
https://www.youtube.com/shorts/FInFDtSbiik,청와대 만찬에서 전두환이 와인 찾자 김영삼이 한 말,이런 게 있다고?,58700,762682,RSS 누적,,2026-10-01,,역사,역사(한국 현대사),드라마/자료 영상+TTS 일화,청와대 만찬에서 전두환이 와인 찾자 김영삼이 한 말,재사용(드라마·자료),N,채널 RSS(같은 채널 최근 업로드)
https://www.youtube.com/shorts/VWtzrkfOKSw,"심판과 얘기하던 이강인, 무슨 말인지 들어봤더니 #이강인 #at마드리드 #레알마드리드",축구영웅TV,14800,686923,RSS 누적,,2026-09-23,,스포츠,스포츠(축구),중계 클립+상단 제목,"심판과 얘기하던 이강인, 무슨 말인지 들어봤더니 #이강인 #at마드리드 #레알마드리드",재사용(중계),Y,채널 RSS(같은 채널 최근 업로드)
https://www.youtube.com/shorts/SEloZiIauEU,경기후 오열하는 황인범 ‘달래주는 손흥민 이강인’..ㄷㄷ,킥킥싸커,16000,673962,RSS 누적,,2026-10-06,,스포츠,스포츠(축구),인터뷰 클립+TTS,경기후 오열하는 황인범 ‘달래주는 손흥민 이강인’..ㄷㄷ,재사용(방송),Y,채널 RSS(같은 채널 최근 업로드)
https://www.youtube.com/shorts/NOXLfq2fqdA,13억이 45만 원으로? 세상에서 가장 비싼 폐달러 기념품,지식봄,75100,672390,RSS 누적,,2026-10-08,,과학·기술,과학·기술/자연,제품·자연 클립+흰 배경 제목,13억이 45만 원으로? 세상에서 가장 비싼 폐달러 기념품,재사용(해외 숏폼),N,채널 RSS(같은 채널 최근 업로드)
https://www.youtube.com/shorts/jEOVs3CM7JY,카약을 쉽게 올리는 방법,깔끔맨,101000,650984,RSS 누적,,2026-10-04,,과학·기술,과학·기술/상식,제품·해외 클립+자막,카약을 쉽게 올리는 방법,재사용(해외 숏폼),N,채널 RSS(같은 채널 최근 업로드)
https://www.youtube.com/shorts/VinYiMnvjlw,조각상 이기려다 영혼까지 털린 꼬마 숙녀,심리야놀자,68600,650750,RSS 누적,,2026-10-06,,자기계발·감동,감동/가족,TTS 사연+바이럴 영상,조각상 이기려다 영혼까지 털린 꼬마 숙녀,재사용(해외 바이럴),N,채널 RSS(같은 채널 최근 업로드)
https://www.youtube.com/shorts/6aGEjGW5SDM,매년 먼저 떠난 전우를 찾아가는 전역 해병,하오문,37700,645763,RSS 누적,,2026-10-04,,자동차·군사,군사,해외 군 영상+자막,매년 먼저 떠난 전우를 찾아가는 전역 해병,재사용(해외 SNS),Y,채널 RSS(같은 채널 최근 업로드)
https://www.youtube.com/shorts/ZqHZup_XiXQ,무적의 3대장 등장,짤고리즘,33700,635588,RSS 누적,,2026-10-06,,상식·잡학,상식/밈,밈 편집,무적의 3대장 등장,재사용(밈),Y,채널 RSS(같은 채널 최근 업로드)
https://www.youtube.com/shorts/loiWnqwoKjs,KBO 역사상 가장 미안한 끝내기,빠던,12600,627309,RSS 누적,,2026-10-07,,스포츠,스포츠(야구),중계 클립,KBO 역사상 가장 미안한 끝내기,재사용(중계),Y,채널 RSS(같은 채널 최근 업로드)
https://www.youtube.com/shorts/xGxyksoD-wY,단 1초도 못참는 한국인 전용 꿀기능 두 가지!,1분미만,2640000,624827,RSS 누적,480980,2026-10-07,,기술·IT,IT·생활꿀팁,화면 녹화+큰 텍스트,"단 1초도 못참는 한국인 전용 꿀기능 (""있잖아요?"")",오리지널,N,Playboard KR Shorts 주간차트(howto)
https://www.youtube.com/shorts/hQV1GAEJOiQ,4대0인데도… 이강인을 잡아끈 이유 #이강인 #at마드리드 #라리가,축구영웅TV,14800,624390,RSS 누적,,2026-09-17,,스포츠,스포츠(축구),중계 클립+상단 제목,4대0인데도… 이강인을 잡아끈 이유 #이강인 #at마드리드 #라리가,재사용(중계),Y,채널 RSS(같은 채널 최근 업로드)
https://www.youtube.com/shorts/_dkyvijKkm0,가장 완벽한 100m 달리기 자세,쓱포츠,24700,619644,RSS 누적,,2026-09-23,,스포츠,스포츠/비교,해외 영상+자막,가장 완벽한 100m 달리기 자세,재사용,Y,채널 RSS(같은 채널 최근 업로드)
https://www.youtube.com/shorts/QuYAlpI_nI8,은퇴할거면 하든지 팬들 ‘상처 주지말라는 서형욱’..ㄷㄷ,킥킥싸커,16000,612047,RSS 누적,,2026-10-07,,스포츠,스포츠(축구),인터뷰 클립+TTS,은퇴할거면 하든지 팬들 ‘상처 주지말라는 서형욱’..ㄷㄷ,재사용(방송),Y,채널 RSS(같은 채널 최근 업로드)
https://www.youtube.com/shorts/y4Ut9TbkcW8,시간을 넘어 서로의 삶에 닿은 진심,언택트립,60400,611253,RSS 누적,,2026-09-11,,자기계발·감동,감동/자기계발,영화 장면+감성 자막,시간을 넘어 서로의 삶에 닿은 진심,재사용(영화),N,채널 RSS(같은 채널 최근 업로드)
https://www.youtube.com/shorts/_ajh9aODVMc,박정희 대통령 서거 후 심수봉이 한 말,이런 게 있다고?,58700,608892,RSS 누적,,2026-09-24,,역사,역사(한국 현대사),드라마/자료 영상+TTS 일화,박정희 대통령 서거 후 심수봉이 한 말,재사용(드라마·자료),N,채널 RSS(같은 채널 최근 업로드)
https://www.youtube.com/shorts/ymD_1Wdl-1Q,월척만 잡히는 곳,13.1cm,97500,601963,RSS 누적,,2026-10-05,,자동차·군사,상식/모험·군사,해외 유튜버 영상+한글 자막,월척만 잡히는 곳,재사용(해외 유튜버),N,채널 RSS(같은 채널 최근 업로드)
https://www.youtube.com/shorts/GnzTxnPC3Cc,96라인 은퇴 발언에 ‘개빡쳤다는 모레노’..ㄷㄷ,킥킥싸커,16000,586277,RSS 누적,,2026-10-09,,스포츠,스포츠(축구),인터뷰 클립+TTS,96라인 은퇴 발언에 ‘개빡쳤다는 모레노’..ㄷㄷ,재사용(방송),Y,채널 RSS(같은 채널 최근 업로드)
https://www.youtube.com/shorts/6lcOH1o-LLY,"황희찬과 김민재, 어제 오전 대표팀 단톡에서 사과",공감입니다,106000,583660,RSS 누적,544754,2026-10-08,,스포츠,스포츠(축구)/뉴스,텍스트 뉴스 카드(기사 캡처형+댓글 요약),"황희찬과 김민재, 어제 오전 대표팀 단톡에서 사과",혼합(보도사진+자체 텍스트),N,Playboard KR Shorts 주간차트(sports)
https://www.youtube.com/shorts/dZ-FOYKhlFg,첫 자대 발표날 멘붕 온 공군 신병,하오문,37700,580861,Playboard 주간 증가분(누적 하한),580861,2026-10-03,,자동차·군사,군사,해외 군 영상+자막,첫 자대 발표 날 멘붕 온 공군 신병,재사용(해외 SNS),Y,Playboard KR Shorts 주간차트(sports)
https://www.youtube.com/shorts/pbUWwsHEr2w,알래스카에서 SOS 가능,13.1cm,97500,566430,RSS 누적,,2026-10-06,,자동차·군사,상식/모험·군사,해외 유튜버 영상+한글 자막,알래스카에서 SOS 가능,재사용(해외 유튜버),N,채널 RSS(같은 채널 최근 업로드)
https://www.youtube.com/shorts/dmsEVeUxi7k,KBO 최고 빠따 용병,빠던,12600,564253,RSS 누적,,2026-10-05,,스포츠,스포츠(야구),중계 클립,KBO 최고 빠따 용병,재사용(중계),Y,채널 RSS(같은 채널 최근 업로드)
https://www.youtube.com/shorts/5LqUwY8ivFc,금값이 비싼 이유,어랍숏,25700,557681,RSS 누적,,2026-10-05,,돈·재테크,상식/돈/비교,해외 크리에이터 영상+자막,금값이 비싼 이유,재사용(해외 크리에이터),Y,채널 RSS(같은 채널 최근 업로드)
https://www.youtube.com/shorts/19wvFWp_LUc,드론에 스카이 콩콩을 단 하이브리드 드론,지식봄,75100,545906,RSS 누적,,2026-10-09,,과학·기술,과학·기술/자연,제품·자연 클립+흰 배경 제목,드론에 스카이 콩콩을 단 하이브리드 드론,재사용(해외 숏폼),N,채널 RSS(같은 채널 최근 업로드)
https://www.youtube.com/shorts/tlC_hklPvTM,은퇴 사실 묻는 기자에 ‘개빡쳐버린 황희찬’..ㄷㄷ,킥킥싸커,16000,541544,RSS 누적,,2026-10-07,,스포츠,스포츠(축구),인터뷰 클립+TTS,은퇴 사실 묻는 기자에 ‘개빡쳐버린 황희찬’..ㄷㄷ,재사용(방송),Y,채널 RSS(같은 채널 최근 업로드)
https://www.youtube.com/shorts/VdExaq3aXKc,35년 차 군인의 마지막 임무를 위해 전우들이 준비한 특별한 선물과 감동,1분뉴스쇼,239000,540867,RSS 누적,,2026-09-03,,뉴스·이슈,뉴스(사연),TTS 사연+뉴스/CCTV 영상,35년 차 군인의 마지막 임무를 위해 전우들이 준비한 특별한 선물과 감동,재사용,N,채널 RSS(같은 채널 최근 업로드)
https://www.youtube.com/shorts/zvyIz0X2cyE,사냥까지 통달해버린 생존 유튜버,13.1cm,97500,526365,RSS 누적,,2026-10-07,,자동차·군사,상식/모험·군사,해외 유튜버 영상+한글 자막,사냥까지 통달해버린 생존 유튜버,재사용(해외 유튜버),N,채널 RSS(같은 채널 최근 업로드)
https://www.youtube.com/shorts/yP21AQ7VvS0,1400만원을 빼앗긴 할머니.. 건장한 남성들의 놀라운 정체,1분뉴스쇼,239000,514432,RSS 누적,,2026-08-12,,뉴스·이슈,뉴스(사연),TTS 사연+뉴스/CCTV 영상,1400만원을 빼앗긴 할머니.. 건장한 남성들의 놀라운 정체,재사용,N,채널 RSS(같은 채널 최근 업로드)
https://www.youtube.com/shorts/430LGmkqGl4,"시메오네가 찾던 해법, 이강인에게 있었다 #이강인 #at마드리드 #라리가",축구영웅TV,14800,512621,RSS 누적,,2026-09-18,,스포츠,스포츠(축구),중계 클립+상단 제목,"시메오네가 찾던 해법, 이강인에게 있었다 #이강인 #at마드리드 #라리가",재사용(중계),Y,채널 RSS(같은 채널 최근 업로드)
https://www.youtube.com/shorts/KQWh7XcC0-I,공항이 새를 쫓아내는 이유,깔끔맨,101000,512551,RSS 누적,,2026-10-01,,과학·기술,과학·기술/상식,제품·해외 클립+자막,공항이 새를 쫓아내는 이유,재사용(해외 숏폼),N,채널 RSS(같은 채널 최근 업로드)
https://www.youtube.com/shorts/OB6PUmUCUuE,영화 속 장면이 현실에선 불가능한 이유,말이죠,17000,507568,RSS 누적,,2026-09-08,,자동차·군사,군사,해외/전장 영상+한글 자막,영화 속 장면이 현실에선 불가능한 이유,재사용(해외 영상),Y,채널 RSS(같은 채널 최근 업로드)
https://www.youtube.com/shorts/JwX4W-mw5rQ,현대차 로고를 AI로 바꿔봤더니...,빵빵위키,45500,497229,RSS 누적,240092,2026-10-07,,자동차·군사,자동차/AI,AI 이미지 편집,현대차 로고를 AI로 바꿔봤더니,AI 생성,Y,Playboard KR Shorts 주간차트(vehicles)
https://www.youtube.com/shorts/TXZYg3ezfsI,현재 논란중인 최우진 ‘기괴한 금메달 퍼포먼스’..ㄷㄷ,킥킥싸커,16000,484677,RSS 누적,,2026-10-04,,스포츠,스포츠(축구),인터뷰 클립+TTS,현재 논란중인 최우진 ‘기괴한 금메달 퍼포먼스’..ㄷㄷ,재사용(방송),Y,채널 RSS(같은 채널 최근 업로드)
https://www.youtube.com/shorts/WFdlqgalGUw,김재규 두아들 집에서마저 쫓겨난 현재 근황이,이런 게 있다고?,58700,484550,RSS 누적,,2026-10-07,,역사,역사(한국 현대사),드라마/자료 영상+TTS 일화,김재규 두아들 집에서마저 쫓겨난 현재 근황이,재사용(드라마·자료),N,채널 RSS(같은 채널 최근 업로드)
https://www.youtube.com/shorts/j4mgPb6cgxA,릴레이 마지막 주자의 중요성,쓱포츠,24700,470204,RSS 누적,,2026-09-17,,스포츠,스포츠/비교,해외 영상+자막,릴레이 마지막 주자의 중요성,재사용,Y,채널 RSS(같은 채널 최근 업로드)
https://www.youtube.com/shorts/0QjqB8IhVeI,독일의 새로운 건축 공법,깔끔맨,101000,465220,RSS 누적,,2026-09-30,,과학·기술,과학·기술/상식,제품·해외 클립+자막,독일의 새로운 건축 공법,재사용(해외 숏폼),N,채널 RSS(같은 채널 최근 업로드)
https://www.youtube.com/shorts/a1KBSceh1cM,물 속에서  대전차 지뢰의 위력,말이죠,17000,462739,RSS 누적,205703,2026-10-07,,자동차·군사,군사,해외 영상+자막,물 속에서 폭발하는 대전차 지뢰의 위력,재사용,Y,Playboard KR Shorts 주간차트(science)
https://www.youtube.com/shorts/-wQF5GkbqGY,전장에서 제일 중요한 존재,말이죠,17000,458684,RSS 누적,,2026-09-27,,자동차·군사,군사,해외/전장 영상+한글 자막,전장에서 제일 중요한 존재,재사용(해외 영상),Y,채널 RSS(같은 채널 최근 업로드)
https://www.youtube.com/shorts/7CqIEvo1xQo,KBO에서 가장 강력했던 대체용병,빠던,12600,440480,RSS 누적,,2026-10-08,,스포츠,스포츠(야구),중계 클립,KBO에서 가장 강력했던 대체용병,재사용(중계),Y,채널 RSS(같은 채널 최근 업로드)
https://www.youtube.com/shorts/qm4aR1gbY8E,역주행 사고를 낸 60대 남성.. 모두가 놀란 이유,1분뉴스쇼,239000,439855,RSS 누적,,2026-08-15,,뉴스·이슈,뉴스(사연),TTS 사연+뉴스/CCTV 영상,역주행 사고를 낸 60대 남성.. 모두가 놀란 이유,재사용,N,채널 RSS(같은 채널 최근 업로드)
https://www.youtube.com/shorts/JonhQ7uqShM,[아르헨티나V베냉] 메시 은퇴식 1골 2어시 대활약,공감입니다,106000,438576,RSS 누적,,2026-10-07,,스포츠,스포츠(축구)/뉴스,텍스트 뉴스 카드,[아르헨티나V베냉] 메시 은퇴식 1골 2어시 대활약,혼합(보도사진+자체 텍스트),N,채널 RSS(같은 채널 최근 업로드)
https://www.youtube.com/shorts/AqqkBX92lAo,"패스 끊은 이강인, 10초 뒤 다시 공을 받더니 #이강인 #at마드리드 #라리가",축구영웅TV,14800,437838,RSS 누적,,2026-09-16,,스포츠,스포츠(축구),중계 클립+상단 제목,"패스 끊은 이강인, 10초 뒤 다시 공을 받더니 #이강인 #at마드리드 #라리가",재사용(중계),Y,채널 RSS(같은 채널 최근 업로드)
https://www.youtube.com/shorts/KWfBu2VomY0,"한국 축구 대표팀, 주장과 96라인 내부 갈등 심화",공감입니다,106000,433997,RSS 누적,,2026-10-07,,스포츠,스포츠(축구)/뉴스,텍스트 뉴스 카드,"한국 축구 대표팀, 주장과 96라인 내부 갈등 심화",혼합(보도사진+자체 텍스트),N,채널 RSS(같은 채널 최근 업로드)
https://www.youtube.com/shorts/m_m23Mf_5_Q,경기 끝났는데 이강인 혼자 급한 이유 #이강인 #at마드리드 #국가대표팀,축구영웅TV,14800,428522,RSS 누적,,2026-09-22,,스포츠,스포츠(축구),중계 클립+상단 제목,경기 끝났는데 이강인 혼자 급한 이유 #이강인 #at마드리드 #국가대표팀,재사용(중계),Y,채널 RSS(같은 채널 최근 업로드)
https://www.youtube.com/shorts/JTIHCKGLoQU,It’s All About Control! 🧀,The Daily Short,85800,425658,RSS 누적,,2026-10-06,,상식·잡학,상식/잡학,해외 크리에이터 영상+한글 자막,It’s All About Control! 🧀,재사용(해외 크리에이터),N,채널 RSS(같은 채널 최근 업로드)
https://www.youtube.com/shorts/QWX-WbANvRM,오븐까지 만들어 빵 구워먹는 ㅆ고인물,13.1cm,97500,418496,RSS 누적,,2026-10-07,,자동차·군사,상식/모험·군사,해외 유튜버 영상+한글 자막,오븐까지 만들어 빵 구워먹는 ㅆ고인물,재사용(해외 유튜버),N,채널 RSS(같은 채널 최근 업로드)
https://www.youtube.com/shorts/wFi-BYrAtXg,우리가 사는 곳은 빙산의 일각,13.1cm,97500,415870,RSS 누적,,2026-10-03,,자동차·군사,상식/모험·군사,해외 유튜버 영상+한글 자막,우리가 사는 곳은 빙산의 일각,재사용(해외 유튜버),N,채널 RSS(같은 채널 최근 업로드)
https://www.youtube.com/shorts/XYWxcYgu3kU,모두가 한 마음으로 응원한 동료의 행군,하오문,37700,410231,RSS 누적,,2026-10-08,,자동차·군사,군사,해외 군 영상+자막,모두가 한 마음으로 응원한 동료의 행군,재사용(해외 SNS),Y,채널 RSS(같은 채널 최근 업로드)
https://www.youtube.com/shorts/rSBCACsBr0U,테슬라 배터리 0% 충전소까지 버틸까?,MuskLab,91700,404957,RSS 누적,,2026-10-09,,자동차·군사,자동차/테슬라,직접 촬영,테슬라 배터리 0% 충전소까지 버틸까?,오리지널,N,채널 RSS(같은 채널 최근 업로드)
https://www.youtube.com/shorts/tanf5MoYj1I,애플 내구성 테스트를 본 노키아,짤고리즘,33700,398237,RSS 누적,,2026-10-08,,상식·잡학,상식/밈,밈 편집,애플 내구성 테스트를 본 노키아,재사용(밈),Y,채널 RSS(같은 채널 최근 업로드)
https://www.youtube.com/shorts/dPgJycSfYOE,이렇게 귀여운데 어떻게 안 줘요?,심리야놀자,68600,390555,RSS 누적,,2026-10-07,,자기계발·감동,감동/가족,TTS 사연+바이럴 영상,이렇게 귀여운데 어떻게 안 줘요?,재사용(해외 바이럴),N,채널 RSS(같은 채널 최근 업로드)
https://www.youtube.com/shorts/T1wg09m_dkU,"음바페, 레알마드리드에서 행복하지 않은 상황",공감입니다,106000,369324,RSS 누적,,2026-10-07,,스포츠,스포츠(축구)/뉴스,텍스트 뉴스 카드,"음바페, 레알마드리드에서 행복하지 않은 상황",혼합(보도사진+자체 텍스트),N,채널 RSS(같은 채널 최근 업로드)
https://www.youtube.com/shorts/JcLthsPM2sU,오늘 우즈벡전 끝나고 나왔던 황인범 은퇴설 ㄷㄷ,공감입니다,106000,366105,RSS 누적,,2026-10-06,,스포츠,스포츠(축구)/뉴스,텍스트 뉴스 카드,오늘 우즈벡전 끝나고 나왔던 황인범 은퇴설 ㄷㄷ,혼합(보도사진+자체 텍스트),N,채널 RSS(같은 채널 최근 업로드)
https://www.youtube.com/shorts/7W7NJfToY5E,진짜 레전드다,짤고리즘,33700,362279,RSS 누적,,2026-10-07,,상식·잡학,상식/밈,밈 편집,진짜 레전드다,재사용(밈),Y,채널 RSS(같은 채널 최근 업로드)
https://www.youtube.com/shorts/eGUVgJWMDyk,손흥민은 스스로 ‘주장 내려놓으라는 김학범’..ㄷㄷ,킥킥싸커,16000,360654,RSS 누적,,2026-10-08,,스포츠,스포츠(축구),인터뷰 클립+TTS,손흥민은 스스로 ‘주장 내려놓으라는 김학범’..ㄷㄷ,재사용(방송),Y,채널 RSS(같은 채널 최근 업로드)
https://www.youtube.com/shorts/IF7vad2mZ_I,[한국V우즈벡 후반] 2-0 완승 거두는 모레노호,공감입니다,106000,350682,RSS 누적,,2026-10-06,,스포츠,스포츠(축구)/뉴스,텍스트 뉴스 카드,[한국V우즈벡 후반] 2-0 완승 거두는 모레노호,혼합(보도사진+자체 텍스트),N,채널 RSS(같은 채널 최근 업로드)
https://www.youtube.com/shorts/6T7Naj-kFjA,얼음 물 래프팅을 통과해야 귀가한다,13.1cm,97500,350236,RSS 누적,,2026-10-08,,자동차·군사,상식/모험·군사,해외 유튜버 영상+한글 자막,얼음 물 래프팅을 통과해야 귀가한다,재사용(해외 유튜버),N,채널 RSS(같은 채널 최근 업로드)
https://www.youtube.com/shorts/3ZGlhrm08AM,테슬라한테 백화점 주차 맡겼더니,MuskLab,91700,342426,RSS 누적,,2026-09-19,,자동차·군사,자동차/테슬라,직접 촬영,테슬라한테 백화점 주차 맡겼더니,오리지널,N,채널 RSS(같은 채널 최근 업로드)
https://www.youtube.com/shorts/ATAqWq5hElc,옛날 엑스박스 키보드 찾았다,짤고리즘,33700,331352,RSS 누적,,2026-10-07,,상식·잡학,상식/밈,밈 편집,옛날 엑스박스 키보드 찾았다,재사용(밈),Y,채널 RSS(같은 채널 최근 업로드)
https://www.youtube.com/shorts/0jeQ5n4B22I,독일군의 전술,깔끔맨,101000,329534,RSS 누적,,2026-10-09,,과학·기술,과학·기술/상식,제품·해외 클립+자막,독일군의 전술,재사용(해외 숏폼),N,채널 RSS(같은 채널 최근 업로드)
https://www.youtube.com/shorts/dSeJ2cAXMck,미 해병대가 보여주는 총기 손질의 정석,말이죠,17000,325396,RSS 누적,,2026-10-06,,자동차·군사,군사,해외/전장 영상+한글 자막,미 해병대가 보여주는 총기 손질의 정석,재사용(해외 영상),Y,채널 RSS(같은 채널 최근 업로드)
https://www.youtube.com/shorts/OEAQzLYfVU0,"호날두, 포르투갈 국가대표 은퇴 안 하기로 결정",공감입니다,106000,317687,RSS 누적,,2026-10-06,,스포츠,스포츠(축구)/뉴스,텍스트 뉴스 카드,"호날두, 포르투갈 국가대표 은퇴 안 하기로 결정",혼합(보도사진+자체 텍스트),N,채널 RSS(같은 채널 최근 업로드)
https://www.youtube.com/shorts/JriR_nKuv7g,[한국V우즈벡 전반] 손흥민 선제골로 앞서는 한국,공감입니다,106000,316595,RSS 누적,,2026-10-06,,스포츠,스포츠(축구)/뉴스,텍스트 뉴스 카드,[한국V우즈벡 전반] 손흥민 선제골로 앞서는 한국,혼합(보도사진+자체 텍스트),N,채널 RSS(같은 채널 최근 업로드)
https://www.youtube.com/shorts/l1p60ahyT2M,KBO 최고 감동 브로맨스,빠던,12600,313776,RSS 누적,,2026-09-26,,스포츠,스포츠(야구),중계 클립,KBO 최고 감동 브로맨스,재사용(중계),Y,채널 RSS(같은 채널 최근 업로드)
https://www.youtube.com/shorts/ETAm65oQwJg,마지막으로 할 말 있어,짤고리즘,33700,310950,RSS 누적,,2026-10-08,,상식·잡학,상식/밈,밈 편집,마지막으로 할 말 있어,재사용(밈),Y,채널 RSS(같은 채널 최근 업로드)
https://www.youtube.com/shorts/_K292en-u0E,왼발 막힌 이강인 이 틈에서 슛이? #이강인 #at마드리드 #라리가,축구영웅TV,14800,310556,RSS 누적,,2026-09-05,,스포츠,스포츠(축구),중계 클립+상단 제목,왼발 막힌 이강인 이 틈에서 슛이? #이강인 #at마드리드 #라리가,재사용(중계),Y,채널 RSS(같은 채널 최근 업로드)
https://www.youtube.com/shorts/nPHPLM7vSlw,레고 플스1이 진짜 갖고 싶었나 보다,짤고리즘,33700,301676,RSS 누적,,2026-10-07,,상식·잡학,상식/밈,밈 편집,레고 플스1이 진짜 갖고 싶었나 보다,재사용(밈),Y,채널 RSS(같은 채널 최근 업로드)
https://www.youtube.com/shorts/ltNxL5768s0,KBO에서 가장 가슴 아픈 시구,빠던,12600,300030,RSS 누적,,2026-10-09,,스포츠,스포츠(야구),중계 클립,KBO에서 가장 가슴 아픈 시구,재사용(중계),Y,채널 RSS(같은 채널 최근 업로드)
https://www.youtube.com/shorts/QaUEH6tW9Ss,이강인 태클 하필 이 선수였다 #이강인 #at마드리드 #레알마드리드,축구영웅TV,14800,293309,RSS 누적,,2026-09-21,,스포츠,스포츠(축구),중계 클립+상단 제목,이강인 태클 하필 이 선수였다 #이강인 #at마드리드 #레알마드리드,재사용(중계),Y,채널 RSS(같은 채널 최근 업로드)
https://www.youtube.com/shorts/hApY2hZMUF8,C-17 강하하며 던진 미국 군인의 한마디,하오문,37700,291329,RSS 누적,,2026-10-05,,자동차·군사,군사,해외 군 영상+자막,C-17 강하하며 던진 미국 군인의 한마디,재사용(해외 SNS),Y,채널 RSS(같은 채널 최근 업로드)
https://www.youtube.com/shorts/mvmgw91plHs,"""네가 가면 나도 간다!"" 바운서 폭주하는 쌍둥이",심리야놀자,68600,280840,RSS 누적,,2026-10-06,,자기계발·감동,감동/가족,TTS 사연+바이럴 영상,"""네가 가면 나도 간다!"" 바운서 폭주하는 쌍둥이",재사용(해외 바이럴),N,채널 RSS(같은 채널 최근 업로드)
https://www.youtube.com/shorts/TwaKiVuFziU,당신의 몸이 자라고 상처가 낫는 이유,틈새지식,38100,278437,RSS 누적,,2026-10-03,,과학·기술,과학·상식,인스타 게시물형 카드+영상,당신의 몸이 자라고 상처가 낫는 이유,재사용,Y,채널 RSS(같은 채널 최근 업로드)
https://www.youtube.com/shorts/VXaHmacVQlo,샤워실 바닥에 뜨거운 아스팔트를 붓는 이유,방구석지구촌,539000,276969,RSS 누적,206111,2026-10-07,,상식·잡학,상식/건축,해외 영상+자막,샤워실 바닥에 뜨거운 아스팔트를 붓는 이유,재사용,N,Playboard KR Shorts 주간차트(science)
https://www.youtube.com/shorts/zbt86vT7u2I,축구장 잔디의 비밀,깔끔맨,101000,276335,RSS 누적,,2026-10-05,,과학·기술,과학·기술/상식,제품·해외 클립+자막,축구장 잔디의 비밀,재사용(해외 숏폼),N,채널 RSS(같은 채널 최근 업로드)
https://www.youtube.com/shorts/H1n6QZ1bsnU,누리호는 위성 15기를 우주에서 어떻게 내려놓을까? #Shorts,프리즘 코리아,2320,275080,RSS 누적,234020,2026-10-07,,과학·우주,우주/K-국뽕,자체 모션그래픽 해설+TTS,"누리호, 위성 분리의 순간",오리지널(그래픽),Y,Playboard KR Shorts 주간차트(science)
https://www.youtube.com/shorts/yCcuJaWLkY8,잠깐이라도 눈을 떼면 안되는 이유,유머쿤,37000,267545,RSS 누적,,2026-10-08,,상식·잡학,상식(~하는 이유),해외 영상+TTS,잠깐이라도 눈을 떼면 안되는 이유,재사용,Y,채널 RSS(같은 채널 최근 업로드)
https://www.youtube.com/shorts/_iXKaiEgBVk,먼저 날개를 편 한 사람이 침묵하던 이들을 깨운 순간,언택트립,60400,267066,RSS 누적,,2026-10-08,,자기계발·감동,감동/자기계발,영화 장면+감성 자막,먼저 날개를 편 한 사람이 침묵하던 이들을 깨운 순간,재사용(영화),N,채널 RSS(같은 채널 최근 업로드)
https://www.youtube.com/shorts/ZRleAIZHdxE,"호날두, 메시 은퇴 인스타글에 좋아요&댓글 작성",공감입니다,106000,263603,RSS 누적,,2026-10-08,,스포츠,스포츠(축구)/뉴스,텍스트 뉴스 카드,"호날두, 메시 은퇴 인스타글에 좋아요&댓글 작성",혼합(보도사진+자체 텍스트),N,채널 RSS(같은 채널 최근 업로드)
https://www.youtube.com/shorts/fQ3v0GelnOo,전신 슈트를 입은 영국 육상 여신,쓱포츠,24700,263341,RSS 누적,,2026-09-25,,스포츠,스포츠/비교,해외 영상+자막,전신 슈트를 입은 영국 육상 여신,재사용,Y,채널 RSS(같은 채널 최근 업로드)
https://www.youtube.com/shorts/2041Z10T33s,닥터페퍼에 중독되면 위험한 이유,어랍숏,25700,261759,RSS 누적,,2026-10-06,,돈·재테크,상식/돈/비교,해외 크리에이터 영상+자막,닥터페퍼에 중독되면 위험한 이유,재사용(해외 크리에이터),Y,채널 RSS(같은 채널 최근 업로드)
https://www.youtube.com/shorts/cTXdsjTPIP4,절망의 순간마다 새로운 답을 써낸 엄마의 실화,언택트립,60400,261143,RSS 누적,,2026-10-04,,자기계발·감동,감동/자기계발,영화 장면+감성 자막,절망의 순간마다 새로운 답을 써낸 엄마의 실화,재사용(영화),N,채널 RSS(같은 채널 최근 업로드)
https://www.youtube.com/shorts/IN1xqmoqzB0,2층 침대가 위험한 이유,유머쿤,37000,258841,RSS 누적,,2026-10-05,,상식·잡학,상식(~하는 이유),해외 영상+TTS,2층 침대가 위험한 이유,재사용,Y,채널 RSS(같은 채널 최근 업로드)
https://www.youtube.com/shorts/SEzLlA7WLS4,사진작가의 징크스,깔끔맨,101000,254994,RSS 누적,,2026-10-08,,과학·기술,과학·기술/상식,제품·해외 클립+자막,사진작가의 징크스,재사용(해외 숏폼),N,채널 RSS(같은 채널 최근 업로드)
https://www.youtube.com/shorts/wrdNEO7ARFw,오늘자 국대 폼 미쳐버린 요케레스 근황 ㄷㄷ,공감입니다,106000,253632,RSS 누적,,2026-10-05,,스포츠,스포츠(축구)/뉴스,텍스트 뉴스 카드,오늘자 국대 폼 미쳐버린 요케레스 근황 ㄷㄷ,혼합(보도사진+자체 텍스트),N,채널 RSS(같은 채널 최근 업로드)
https://www.youtube.com/shorts/UezMftS_u5Q,기적은 누군가의 가능성을 믿어주는 것,언택트립,60400,239002,RSS 누적,,2026-09-18,,자기계발·감동,감동/자기계발,영화 장면+감성 자막,기적은 누군가의 가능성을 믿어주는 것,재사용(영화),N,채널 RSS(같은 채널 최근 업로드)
https://www.youtube.com/shorts/XhWkUcu-lDc,벽 앞에서 쏜 로켓에 전우 잡을 뻔한 병사,하오문,37700,235982,RSS 누적,,2026-10-05,,자동차·군사,군사,해외 군 영상+자막,벽 앞에서 쏜 로켓에 전우 잡을 뻔한 병사,재사용(해외 SNS),Y,채널 RSS(같은 채널 최근 업로드)
https://www.youtube.com/shorts/mL0t0pjiBZE,결국 대표팀 동료에게 사과한 ‘96라인 3인방’..ㄷㄷ,킥킥싸커,16000,235722,RSS 누적,,2026-10-08,,스포츠,스포츠(축구),인터뷰 클립+TTS,결국 대표팀 동료에게 사과한 ‘96라인 3인방’..ㄷㄷ,재사용(방송),Y,채널 RSS(같은 채널 최근 업로드)
https://www.youtube.com/shorts/LtPM0Dce63o,박정희의 마지막 날 밤 같이 있던 여인의 정체,이런 게 있다고?,58700,235331,RSS 누적,,2026-09-28,,역사,역사(한국 현대사),드라마/자료 영상+TTS 일화,박정희의 마지막 날 밤 같이 있던 여인의 정체,재사용(드라마·자료),N,채널 RSS(같은 채널 최근 업로드)
https://www.youtube.com/shorts/YJUilkykuE8,역대급 뻔뻔함 ㅋㅋㅋ 선생님 등 뒤에서 벌어진 숨 막히는 15초,심리야놀자,68600,232890,RSS 누적,,2026-10-09,,자기계발·감동,감동/가족,TTS 사연+바이럴 영상,역대급 뻔뻔함 ㅋㅋㅋ 선생님 등 뒤에서 벌어진 숨 막히는 15초,재사용(해외 바이럴),N,채널 RSS(같은 채널 최근 업로드)
https://www.youtube.com/shorts/ilq8sCc6h08,[크로아티아V스페인] 메리노 멀티골 역전승 거두는 스페인,공감입니다,106000,225814,RSS 누적,,2026-10-06,,스포츠,스포츠(축구)/뉴스,텍스트 뉴스 카드,[크로아티아V스페인] 메리노 멀티골 역전승 거두는 스페인,혼합(보도사진+자체 텍스트),N,채널 RSS(같은 채널 최근 업로드)
https://www.youtube.com/shorts/5cnD5-_ugr4,[프랑스V벨기에] 올리세 2골 1어시 대활약에 역전승 거두는 프랑스,공감입니다,106000,221102,RSS 누적,,2026-10-05,,스포츠,스포츠(축구)/뉴스,텍스트 뉴스 카드,[프랑스V벨기에] 올리세 2골 1어시 대활약에 역전승 거두는 프랑스,혼합(보도사진+자체 텍스트),N,채널 RSS(같은 채널 최근 업로드)
https://www.youtube.com/shorts/aK6sKoaW0eA,"""이런 남자랑 결혼하세요"" 길 한복판에서 벌어진 감동 실화",심리야놀자,68600,218992,RSS 누적,,2026-10-09,,자기계발·감동,감동/가족,TTS 사연+바이럴 영상,"""이런 남자랑 결혼하세요"" 길 한복판에서 벌어진 감동 실화",재사용(해외 바이럴),N,채널 RSS(같은 채널 최근 업로드)
https://www.youtube.com/shorts/UoStwvHBYBU,결혼식 4개월을 앞둔 29살의 막내 소방관.. 마지막 임무가 되어버렸습니다..,1분뉴스쇼,239000,211836,RSS 누적,,2026-08-17,,뉴스·이슈,뉴스(사연),TTS 사연+뉴스/CCTV 영상,결혼식 4개월을 앞둔 29살의 막내 소방관.. 마지막 임무가 되어버렸습니다..,재사용,N,채널 RSS(같은 채널 최근 업로드)
https://www.youtube.com/shorts/uV6tM0B8mKA,FA50 2배나 비싸게 샀다고 난리난 폴란드,썰매,169000,211471,RSS 누적,,2026-10-04,,자동차·군사,군사/K-방산,자료 영상+TTS 해설,FA50 2배나 비싸게 샀다고 난리난 폴란드,재사용(자료 영상),N,채널 RSS(같은 채널 최근 업로드)
https://www.youtube.com/shorts/hsY0B0hz79k,지식 자체가 넘사벽이다;;,13.1cm,97500,210045,RSS 누적,,2026-10-09,,자동차·군사,상식/모험·군사,해외 유튜버 영상+한글 자막,지식 자체가 넘사벽이다;;,재사용(해외 유튜버),N,채널 RSS(같은 채널 최근 업로드)
https://www.youtube.com/shorts/hr1j2KESqhM,"영국 총리, UAE에 맨시티 때문에 투자 빼지 말라고 부탁",공감입니다,106000,209378,RSS 누적,,2026-10-09,,스포츠,스포츠(축구)/뉴스,텍스트 뉴스 카드,"영국 총리, UAE에 맨시티 때문에 투자 빼지 말라고 부탁",혼합(보도사진+자체 텍스트),N,채널 RSS(같은 채널 최근 업로드)
https://www.youtube.com/shorts/fkzykFMS1HM,의외의 공략법,깔끔맨,101000,205993,RSS 누적,,2026-10-01,,과학·기술,과학·기술/상식,제품·해외 클립+자막,의외의 공략법,재사용(해외 숏폼),N,채널 RSS(같은 채널 최근 업로드)
https://www.youtube.com/shorts/LXKBLtDJljM,사고 치고 아들한테 덤터기 씌우려다 폭망한 아빠!,심리야놀자,68600,205045,RSS 누적,,2026-10-08,,자기계발·감동,감동/가족,TTS 사연+바이럴 영상,사고 치고 아들한테 덤터기 씌우려다 폭망한 아빠!,재사용(해외 바이럴),N,채널 RSS(같은 채널 최근 업로드)
https://www.youtube.com/shorts/365ASG9FX_w,[오피셜] 대한민국 vs 우즈베키스탄 선발 라인업,공감입니다,106000,196611,RSS 누적,,2026-10-06,,스포츠,스포츠(축구)/뉴스,텍스트 뉴스 카드,[오피셜] 대한민국 vs 우즈베키스탄 선발 라인업,혼합(보도사진+자체 텍스트),N,채널 RSS(같은 채널 최근 업로드)
https://www.youtube.com/shorts/2JMC6fdP680,섬 하나당 구름 하나씩 달고 있는 풍경,틈새지식,38100,194745,RSS 누적,,2026-10-06,,과학·기술,과학·상식,인스타 게시물형 카드+영상,섬 하나당 구름 하나씩 달고 있는 풍경,재사용,Y,채널 RSS(같은 채널 최근 업로드)
https://www.youtube.com/shorts/bHt5w9khPJM,산유국 러시아가 기름 한 방울 안 나는 한국에서 경유를 사 간다? 두 달 새 17만 톤💪 #러시아 #경유 #shorts,지팁,74200,193540,RSS 누적,,2026-10-07,,뉴스·이슈,뉴스 해설(국제·경제·군사),자료 영상+TTS 해설,산유국 러시아가 기름 한 방울 안 나는 한국에서 경유를 사 간다? 두 달 새 17만 톤💪 #러시아 #경유 #shorts,재사용(자료 영상),N,채널 RSS(같은 채널 최근 업로드)
https://www.youtube.com/shorts/eoFb9WEm5_k,Old Anvil vs Modern Anvil!,The Daily Short,85800,191518,RSS 누적,,2026-10-08,,상식·잡학,상식/잡학,해외 크리에이터 영상+한글 자막,Old Anvil vs Modern Anvil!,재사용(해외 크리에이터),N,채널 RSS(같은 채널 최근 업로드)
https://www.youtube.com/shorts/p5Mn7EZ_lLk,창가 자리 안 앉으면 후회하는 이유 TOP 3,틈새지식,38100,185811,RSS 누적,,2026-10-08,,과학·기술,과학·상식,인스타 게시물형 카드+영상,창가 자리 안 앉으면 후회하는 이유 TOP 3,재사용,Y,채널 RSS(같은 채널 최근 업로드)
https://www.youtube.com/shorts/9tTlsEaeH4A,80년대 노빠꾸 벤치클리어링,빠던,12600,184899,RSS 누적,,2026-09-29,,스포츠,스포츠(야구),중계 클립,80년대 노빠꾸 벤치클리어링,재사용(중계),Y,채널 RSS(같은 채널 최근 업로드)
https://www.youtube.com/shorts/XYy-LAylVQA,"세상에서 가장 위험한 놀이, 종이접기",어랍숏,25700,180493,RSS 누적,,2026-10-02,,돈·재테크,상식/돈/비교,해외 크리에이터 영상+자막,"세상에서 가장 위험한 놀이, 종이접기",재사용(해외 크리에이터),Y,채널 RSS(같은 채널 최근 업로드)
https://www.youtube.com/shorts/75S3_Mx3aM0,김재규 사형 직후 내연녀 장씨는 어떻게 됐을까,이런 게 있다고?,58700,178833,RSS 누적,,2026-10-08,,역사,역사(한국 현대사),드라마/자료 영상+TTS 일화,김재규 사형 직후 내연녀 장씨는 어떻게 됐을까,재사용(드라마·자료),N,채널 RSS(같은 채널 최근 업로드)
https://www.youtube.com/shorts/rj62BH8SIZg,K-장녀가 화나면 가족 전체가 얼어붙는다는데...,심리야놀자,68600,177277,RSS 누적,,2026-10-07,,자기계발·감동,감동/가족,TTS 사연+바이럴 영상,K-장녀가 화나면 가족 전체가 얼어붙는다는데...,재사용(해외 바이럴),N,채널 RSS(같은 채널 최근 업로드)
https://www.youtube.com/shorts/EpXluc17iRI,정비사가 좋아하는 차,깔끔맨,101000,173561,RSS 누적,,2026-10-06,,과학·기술,과학·기술/상식,제품·해외 클립+자막,정비사가 좋아하는 차,재사용(해외 숏폼),N,채널 RSS(같은 채널 최근 업로드)
https://www.youtube.com/shorts/gK1xCXe3kiU,홍준표가 전두환 일가와 깊게 엮인 이유,이런 게 있다고?,58700,172891,RSS 누적,,2026-09-25,,역사,역사(한국 현대사),드라마/자료 영상+TTS 일화,홍준표가 전두환 일가와 깊게 엮인 이유,재사용(드라마·자료),N,채널 RSS(같은 채널 최근 업로드)
https://www.youtube.com/shorts/I1QYyOZYi7E,견적 100만원짜리 5만원에 셀프 복원 하는법,카팁,365000,163381,RSS 누적,,2026-10-02,,자동차·군사,자동차/꿀팁,토크 헤드 직접 촬영,견적 100만원짜리 5만원에 셀프 복원 하는법,오리지널,N,채널 RSS(같은 채널 최근 업로드)
https://www.youtube.com/shorts/4A-XyBPC_8o,박정희가 총격 당한 직후 신재순이 한 말,이런 게 있다고?,58700,161409,RSS 누적,,2026-10-06,,역사,역사(한국 현대사),드라마/자료 영상+TTS 일화,박정희가 총격 당한 직후 신재순이 한 말,재사용(드라마·자료),N,채널 RSS(같은 채널 최근 업로드)
https://www.youtube.com/shorts/DmMe2eFmM30,테슬라 타다가 옆 차 보고 다급해진 이유,MuskLab,91700,151297,RSS 누적,,2026-10-04,,자동차·군사,자동차/테슬라,직접 촬영,테슬라 타다가 옆 차 보고 다급해진 이유,오리지널,N,채널 RSS(같은 채널 최근 업로드)
https://www.youtube.com/shorts/_uj6LYL_Ycg,비행기는 몰라도 한 번쯤 들어봤을 소리,틈새지식,38100,150504,RSS 누적,,2026-10-08,,과학·기술,과학·상식,인스타 게시물형 카드+영상,비행기는 몰라도 한 번쯤 들어봤을 소리,재사용,Y,채널 RSS(같은 채널 최근 업로드)
https://www.youtube.com/shorts/MV8k89kOstI,비싼 돈 들여서 가로수를 설치하는 이유,틈새지식,38100,149787,RSS 누적,,2026-10-05,,과학·기술,과학·상식,인스타 게시물형 카드+영상,비싼 돈 들여서 가로수를 설치하는 이유,재사용,Y,채널 RSS(같은 채널 최근 업로드)
https://www.youtube.com/shorts/nHB1ay8m2VE,레고로 만든 트위스터 명장면,짤고리즘,33700,148074,RSS 누적,,2026-10-09,,상식·잡학,상식/밈,밈 편집,레고로 만든 트위스터 명장면,재사용(밈),Y,채널 RSS(같은 채널 최근 업로드)
https://www.youtube.com/shorts/PfcyE_To3v4,KBO에서 가장 혁명적인 시구,빠던,12600,144036,RSS 누적,,2026-10-01,,스포츠,스포츠(야구),중계 클립,KBO에서 가장 혁명적인 시구,재사용(중계),Y,채널 RSS(같은 채널 최근 업로드)
https://www.youtube.com/shorts/Hx5xKF233Jw,테슬라 타다가 똥줄 타는 순간,MuskLab,91700,143305,RSS 누적,,2026-09-29,,자동차·군사,자동차/테슬라,직접 촬영,테슬라 타다가 똥줄 타는 순간,오리지널,N,채널 RSS(같은 채널 최근 업로드)
https://www.youtube.com/shorts/bxRSPaBYUQ0,테슬라 트렁크에 손 넣고 닫아봤더니,MuskLab,91700,143152,RSS 누적,,2026-09-11,,자동차·군사,자동차/테슬라,직접 촬영,테슬라 트렁크에 손 넣고 닫아봤더니,오리지널,N,채널 RSS(같은 채널 최근 업로드)
https://www.youtube.com/shorts/oMV4jGYsc6U,쌀알로 알아보는 재산 1조의 위엄,어랍숏,25700,139845,RSS 누적,,2026-10-02,,돈·재테크,상식/돈/비교,해외 크리에이터 영상+자막,쌀알로 알아보는 재산 1조의 위엄,재사용(해외 크리에이터),Y,채널 RSS(같은 채널 최근 업로드)
https://www.youtube.com/shorts/Gr-56BGTufg,심수봉과 신재순을 집에 데려다주며 박선호가 한 말,이런 게 있다고?,58700,139119,RSS 누적,,2026-09-29,,역사,역사(한국 현대사),드라마/자료 영상+TTS 일화,심수봉과 신재순을 집에 데려다주며 박선호가 한 말,재사용(드라마·자료),N,채널 RSS(같은 채널 최근 업로드)
https://www.youtube.com/shorts/g5E3OYy5m8M,레고 기차가 물리 법칙을 깨버렸다,짤고리즘,33700,137608,RSS 누적,,2026-10-09,,상식·잡학,상식/밈,밈 편집,레고 기차가 물리 법칙을 깨버렸다,재사용(밈),Y,채널 RSS(같은 채널 최근 업로드)
https://www.youtube.com/shorts/4H3_QoNhikA,"학자들의 사고 흐름을 지켜주는, 옥스퍼드대 슬라이딩 칠판",지식봄,75100,135168,RSS 누적,,2026-09-21,,과학·기술,과학·기술/자연,제품·자연 클립+흰 배경 제목,"학자들의 사고 흐름을 지켜주는, 옥스퍼드대 슬라이딩 칠판",재사용(해외 숏폼),N,채널 RSS(같은 채널 최근 업로드)
https://www.youtube.com/shorts/yGOkB4eL5SI,"11년 전 다 없앴다던 후티 미사일이 다시 리야드를 겨누자, 미국도 발 뺀 싸움에 사우디가 직접 총공세에 나섰다💪 #사우디 #후티 #shorts",지팁,74200,134150,RSS 누적,,2026-10-05,,뉴스·이슈,뉴스 해설(국제·경제·군사),자료 영상+TTS 해설,"11년 전 다 없앴다던 후티 미사일이 다시 리야드를 겨누자, 미국도 발 뺀 싸움에 사우디가 직접 총공세에 나섰다💪 #사우디 #후티 #shorts",재사용(자료 영상),N,채널 RSS(같은 채널 최근 업로드)
https://www.youtube.com/shorts/Wk4R5JiRMeQ,결국 보복운전 모두 ‘인정해버린 김영광’..ㄷㄷ,킥킥싸커,16000,132929,RSS 누적,,2026-10-09,,스포츠,스포츠(축구),인터뷰 클립+TTS,결국 보복운전 모두 ‘인정해버린 김영광’..ㄷㄷ,재사용(방송),Y,채널 RSS(같은 채널 최근 업로드)
https://www.youtube.com/shorts/A0KyuhomYHM,로데오 선수의 특훈,깔끔맨,101000,132533,RSS 누적,,2026-10-08,,과학·기술,과학·기술/상식,제품·해외 클립+자막,로데오 선수의 특훈,재사용(해외 숏폼),N,채널 RSS(같은 채널 최근 업로드)
https://www.youtube.com/shorts/e1nSdc1Wohk,KBO 역대최고 취권투수,빠던,12600,131196,RSS 누적,,2026-09-24,,스포츠,스포츠(야구),중계 클립,KBO 역대최고 취권투수,재사용(중계),Y,채널 RSS(같은 채널 최근 업로드)
https://www.youtube.com/shorts/O-QRiB_kvvI,에너지를 아끼기 위한 악어의 도둑기생,지식봄,75100,127756,RSS 누적,,2026-10-06,,과학·기술,과학·기술/자연,제품·자연 클립+흰 배경 제목,에너지를 아끼기 위한 악어의 도둑기생,재사용(해외 숏폼),N,채널 RSS(같은 채널 최근 업로드)
https://www.youtube.com/shorts/d9ZUerVhzzA,베테랑 배관공이 90도 직각 파이프를 안쓰는 이유,지식봄,75100,125675,RSS 누적,,2026-09-28,,과학·기술,과학·기술/자연,제품·자연 클립+흰 배경 제목,베테랑 배관공이 90도 직각 파이프를 안쓰는 이유,재사용(해외 숏폼),N,채널 RSS(같은 채널 최근 업로드)
https://www.youtube.com/shorts/pzJTcjPHmhE,황인범 있고 없고 차이가 ‘ㅈㄴ 크다는 이주헌 해설’..ㄷㄷ,킥킥싸커,16000,122913,RSS 누적,,2026-10-06,,스포츠,스포츠(축구),인터뷰 클립+TTS,황인범 있고 없고 차이가 ‘ㅈㄴ 크다는 이주헌 해설’..ㄷㄷ,재사용(방송),Y,채널 RSS(같은 채널 최근 업로드)
https://www.youtube.com/shorts/2BYi-R_lBfA,아이폰보다 오래 간다고 자랑한 샤오미,짤고리즘,33700,121653,RSS 누적,,2026-10-06,,상식·잡학,상식/밈,밈 편집,아이폰보다 오래 간다고 자랑한 샤오미,재사용(밈),Y,채널 RSS(같은 채널 최근 업로드)
https://www.youtube.com/shorts/M0fCHTdVDAU,방탄복아 소중한걸 지켜줘서 고마워,말이죠,17000,119754,RSS 누적,,2026-09-12,,자동차·군사,군사,해외/전장 영상+한글 자막,방탄복아 소중한걸 지켜줘서 고마워,재사용(해외 영상),Y,채널 RSS(같은 채널 최근 업로드)
https://www.youtube.com/shorts/x-O-5Jx4SRA,무선 청소기와 PVC 배관이 만든 유체역학 말벌 함정,지식봄,75100,119620,RSS 누적,,2026-09-23,,과학·기술,과학·기술/자연,제품·자연 클립+흰 배경 제목,무선 청소기와 PVC 배관이 만든 유체역학 말벌 함정,재사용(해외 숏폼),N,채널 RSS(같은 채널 최근 업로드)
https://www.youtube.com/shorts/CvLOZ1zb5oc,빗을 손으로 튕기면 고양이가 토한다고? #과학,풀업탱,31300,118342,RSS 누적,,2026-10-06,,과학·기술,과학/기묘한 실화,"AI 생성 영상+TTS(#과학, ~의 최후?)",빗을 손으로 튕기면 고양이가 토한다고? #과학,AI 생성,Y,채널 RSS(같은 채널 최근 업로드)
https://www.youtube.com/shorts/Rw70ngXbPaI,손흥민 최다골 직관한 ‘모레노의 레전드 반응’..ㄷㄷ,킥킥싸커,16000,117838,RSS 누적,,2026-10-06,,스포츠,스포츠(축구),인터뷰 클립+TTS,손흥민 최다골 직관한 ‘모레노의 레전드 반응’..ㄷㄷ,재사용(방송),Y,채널 RSS(같은 채널 최근 업로드)
https://www.youtube.com/shorts/u9r1rx8AzkI,해군에서 바다사자를 교육해 임무를 맡긴다고? #과학,풀업탱,31300,116740,RSS 누적,,2026-10-08,,과학·기술,과학/기묘한 실화,"AI 생성 영상+TTS(#과학, ~의 최후?)",해군에서 바다사자를 교육해 임무를 맡긴다고? #과학,AI 생성,Y,채널 RSS(같은 채널 최근 업로드)
https://www.youtube.com/shorts/amvQ7N1NHuk,레이즈가 혀 보호대를 출시했다,짤고리즘,33700,116028,RSS 누적,,2026-10-08,,상식·잡학,상식/밈,밈 편집,레이즈가 혀 보호대를 출시했다,재사용(밈),Y,채널 RSS(같은 채널 최근 업로드)
https://www.youtube.com/shorts/T-mYbNHXykI,6시간 동안 만든 숙소,13.1cm,97500,114876,RSS 누적,,2026-10-08,,자동차·군사,상식/모험·군사,해외 유튜버 영상+한글 자막,6시간 동안 만든 숙소,재사용(해외 유튜버),N,채널 RSS(같은 채널 최근 업로드)
https://www.youtube.com/shorts/Ts3vgPBdqsY,이병철이 정략결혼 시킨 홍라희가 훗날 삼성에 한 일,이런 게 있다고?,58700,113064,RSS 누적,,2026-10-04,,역사,역사(한국 현대사),드라마/자료 영상+TTS 일화,이병철이 정략결혼 시킨 홍라희가 훗날 삼성에 한 일,재사용(드라마·자료),N,채널 RSS(같은 채널 최근 업로드)
https://www.youtube.com/shorts/6_go3BfecUE,자연이 만든 워터슬라이드,깔끔맨,101000,112959,RSS 누적,,2026-10-07,,과학·기술,과학·기술/상식,제품·해외 클립+자막,자연이 만든 워터슬라이드,재사용(해외 숏폼),N,채널 RSS(같은 채널 최근 업로드)
https://www.youtube.com/shorts/XzviddjgXO8,독일에서 실제로 열리는 기괴한 대회,틈새지식,38100,112891,RSS 누적,,2026-10-05,,과학·기술,과학·상식,인스타 게시물형 카드+영상,독일에서 실제로 열리는 기괴한 대회,재사용,Y,채널 RSS(같은 채널 최근 업로드)
https://www.youtube.com/shorts/9EcMnMqDcoU,애매하게 갖고 싶은 3D 프린팅 템 TOP 3   (george_grm),틈새지식,38100,111628,RSS 누적,,2026-10-07,,과학·기술,과학·상식,인스타 게시물형 카드+영상,애매하게 갖고 싶은 3D 프린팅 템 TOP 3   (george_grm),재사용,Y,채널 RSS(같은 채널 최근 업로드)
https://www.youtube.com/shorts/Kkz-4Ir6OF8,한 아이를 사랑한 두 엄마가 내린 선택,언택트립,60400,110842,RSS 누적,,2026-09-27,,자기계발·감동,감동/자기계발,영화 장면+감성 자막,한 아이를 사랑한 두 엄마가 내린 선택,재사용(영화),N,채널 RSS(같은 채널 최근 업로드)
https://www.youtube.com/shorts/6fZ86hMdwvA,Crazy Disney Incident!,The Daily Short,85800,109521,RSS 누적,,2026-09-27,,상식·잡학,상식/잡학,해외 크리에이터 영상+한글 자막,Crazy Disney Incident!,재사용(해외 크리에이터),N,채널 RSS(같은 채널 최근 업로드)
https://www.youtube.com/shorts/ZsVFU0gsDAw,실제 알래스카 개썰매,13.1cm,97500,109209,RSS 누적,,2026-10-03,,자동차·군사,상식/모험·군사,해외 유튜버 영상+한글 자막,실제 알래스카 개썰매,재사용(해외 유튜버),N,채널 RSS(같은 채널 최근 업로드)
https://www.youtube.com/shorts/LjJ6l5ls0Jw,신호등이 안 보이는데 자율주행을 켰더니,MuskLab,91700,109058,RSS 누적,,2026-10-04,,자동차·군사,자동차/테슬라,직접 촬영,신호등이 안 보이는데 자율주행을 켰더니,오리지널,N,채널 RSS(같은 채널 최근 업로드)
https://www.youtube.com/shorts/-K5D6s7D0RQ,움직이고 있던 장난감,깔끔맨,101000,106373,RSS 누적,,2026-10-07,,과학·기술,과학·기술/상식,제품·해외 클립+자막,움직이고 있던 장난감,재사용(해외 숏폼),N,채널 RSS(같은 채널 최근 업로드)
https://www.youtube.com/shorts/V29W6352xTg,푸른피 에이스가 탄생한 날,빠던,12600,104873,RSS 누적,,2026-09-19,,스포츠,스포츠(야구),중계 클립,푸른피 에이스가 탄생한 날,재사용(중계),Y,채널 RSS(같은 채널 최근 업로드)
https://www.youtube.com/shorts/ZzWn_uklFZ4,[잉글랜드V체코] 케인 멀티골 3-0 완승 거두는 잉글,공감입니다,106000,104415,RSS 누적,,2026-10-06,,스포츠,스포츠(축구)/뉴스,텍스트 뉴스 카드,[잉글랜드V체코] 케인 멀티골 3-0 완승 거두는 잉글,혼합(보도사진+자체 텍스트),N,채널 RSS(같은 채널 최근 업로드)
https://www.youtube.com/shorts/dVm85mzwIOs,GTA5 vs 레데리2 서스펜션 비교,짤고리즘,33700,103700,RSS 누적,,2026-10-06,,상식·잡학,상식/밈,밈 편집,GTA5 vs 레데리2 서스펜션 비교,재사용(밈),Y,채널 RSS(같은 채널 최근 업로드)
https://www.youtube.com/shorts/rh5vkuxY_oc,대한민국 공군도 안전할까? B1 폭격기 철수 사태의 교훈 #군사 #안보 #이슈,지팁,74200,103206,RSS 누적,,2026-10-06,,뉴스·이슈,뉴스 해설(국제·경제·군사),자료 영상+TTS 해설,대한민국 공군도 안전할까? B1 폭격기 철수 사태의 교훈 #군사 #안보 #이슈,재사용(자료 영상),N,채널 RSS(같은 채널 최근 업로드)
https://www.youtube.com/shorts/ZYSTI1sizsk,"한국 전투기 추락했는데, 더 구입하자는 나라",썰매,169000,100485,RSS 누적,,2026-10-07,,자동차·군사,군사/K-방산,자료 영상+TTS 해설,"한국 전투기 추락했는데, 더 구입하자는 나라",재사용(자료 영상),N,채널 RSS(같은 채널 최근 업로드)
https://www.youtube.com/shorts/rbNTnTVsP-c,Blue Bird Builds Its Nest! 🪺,The Daily Short,85800,100075,RSS 누적,,2026-09-24,,상식·잡학,상식/잡학,해외 크리에이터 영상+한글 자막,Blue Bird Builds Its Nest! 🪺,재사용(해외 크리에이터),N,채널 RSS(같은 채널 최근 업로드)
