format,channel,subscribers,video_title,views,url,voice_product,voice_character,credit_text,evidence_type,inferred,checked_date
스토리 롱폼:대형 일상·공감 애니,소맥거핀,11300000,"""먹방"" 시리즈 몰아보기",40724243,https://www.youtube.com/watch?v=OLEY7SQZtEc,크레딧 없음,,설명란에 목소리 표기 없음,video_desc,no,2026-10-10
스토리 롱폼:대형 일상·공감 애니,소맥거핀,11300000,"""특"" 시리즈 몰아보기",33472480,https://www.youtube.com/watch?v=pWjp5-U4-GI,크레딧 없음,,설명란에 목소리 표기 없음,video_desc,no,2026-10-10
○○ 특 공감 애니 쇼츠,Cherry Toon,1950000,[체리툰] 입국심사,10123260,https://www.youtube.com/shorts/n6bwWnc9rOk,크레딧 없음,,설명란에 목소리 표기 없음,video_desc,no,2026-10-10
정보·지식 쇼츠,매거진 시크,144000,오만한 무패 쇼맨의 최후 #mma #ufc #격투기,10090343,https://www.youtube.com/shorts/vto0SicyOEM,크레딧 없음,,설명란에 목소리 표기 없음,video_desc,no,2026-10-10
정보·지식 쇼츠,시다래,124000,집안의 자랑이었던 증조부의 비석을 스스로 파괴한 이유,17940612,https://www.youtube.com/shorts/OucBgTXud2E,크레딧 없음,,설명란에 목소리 표기 없음,video_desc,no,2026-10-10
스토리 롱폼:대형 일상·공감 애니,총몇명,4060000,모쏠의 100일 선물 & 미스테리 아파트 [총몇명의 사연낭독],6554735,https://www.youtube.com/watch?v=X3VZtQqeYfY,크레딧 없음,,설명란에 목소리 표기 없음,video_desc,no,2026-10-10
정보·지식 쇼츠,심리야놀자,68600,군대 행사 중 벌어진 역대급 감동 실화 #실화 #군인 #전우애,9204754,https://www.youtube.com/shorts/Yzik7Lj45ZE,크레딧 없음,,설명란에 목소리 표기 없음,video_desc,no,2026-10-10
스토리 롱폼:대형 일상·공감 애니,총몇명,4060000,길 묻던 아주머니 & 교회 수련회에서 [총몇명의 사연낭독],6296986,https://www.youtube.com/watch?v=qwsDJVN8gqE,크레딧 없음,,설명란에 목소리 표기 없음,video_desc,no,2026-10-10
정보·지식 쇼츠,Great Nova 그레이트 노바,11700,가난했던 그녀가 부자가 된 이유🌈,5417771,https://www.youtube.com/shorts/LioektwLp24,크레딧 없음,,설명란 비어 있음,video_desc,no,2026-10-10
정보·지식 쇼츠,The Story of the Stars,41500,이강인 데뷔골의 비밀 : 슛돌이의 유산 (feat.유상철),5605026,https://www.youtube.com/shorts/bihBUYiWnro,크레딧 없음,,설명란 비어 있음,video_desc,no,2026-10-10
다큐 롱폼:F6 자연·동물·심해 다큐,Echoes of Nature,26300,4K Amazon Rainforest Wildlife – Soothing Jungle Sounds & Nature Documentary 🌿🦜🌧️,4572253,https://www.youtube.com/watch?v=HkURFIlRh2w,크레딧 없음,,설명란에 목소리 표기 없음,video_desc,no,2026-10-10
낙서 짤툰 쇼츠,콩자반,22400,현재 난리난 영화 상영이 중단 된 이유,4521190,https://www.youtube.com/shorts/UgXTLnA_L9Q,크레딧 없음,,설명란에 목소리 표기 없음,video_desc,no,2026-10-10
정보·지식 쇼츠,차도르,964000,16세 여고생 격투 천재의 충격적인 KO ㄷㄷ,5840827,https://www.youtube.com/shorts/TBQw9lsl9tg,크레딧 없음,,설명란에 목소리 표기 없음,video_desc,no,2026-10-10
정보·지식 쇼츠,1분뉴스쇼,239000,발부터 나오는 출산.. 산모와 아기를 구한 구급대원들의 감동적인 순간,3639437,https://www.youtube.com/shorts/x0M9_qoqJzg,크레딧 없음,,설명란에 목소리 표기 없음,video_desc,no,2026-10-10
스토리 롱폼:사연·사이다 영상툰,아리의 이야기Ahri's Story,371000,요즘 연애 특(통합본)[영상툰],3315677,https://www.youtube.com/watch?v=phgakTZvLo0,사람 목소리(성우/본인 더빙),성우(모든 남자 등장인물) / 어퓨자퓨님,"-class  스토리, 그림  / 아리 남자 성우(모든 남자 등장인물) / 어퓨자퓨님 여자 성우(모든 여자 등장인물) / 제나소리",video_desc,no,2026-10-10
스토리 롱폼:대형 일상·공감 애니,썰레임 Ssuleim,1950000,꿈의악마(DRDV) - 'Dream Devils' Official MV,3232068,https://www.youtube.com/watch?v=akn5RQaMwX4,크레딧 없음,,설명란에 목소리 표기 없음,video_desc,no,2026-10-10
정보·지식 쇼츠,월드리포트,77000,실수로 슈퍼히어로로 진화한 병사의 비밀? #과학,4859752,https://www.youtube.com/shorts/gG3ENiuigZE,크레딧 없음,,설명란 비어 있음,video_desc,no,2026-10-10
정보·지식 쇼츠,들었어?,264000,완전히 끝나버린 것 같다는 호날두 근황,3659359,https://www.youtube.com/shorts/XYx35Nx1uTA,크레딧 없음,,설명란에 목소리 표기 없음,video_desc,no,2026-10-10
스토리 롱폼:대형 일상·공감 애니,병맛교수,445000,시리즈 대전쟁 - 병맛더빙,3032720,https://www.youtube.com/watch?v=-U-ML1oxAAQ,사람 목소리(성우/본인 더빙),"더빙 : 병맛교수,야미야미","/UC5RI...  애니메이션 : 병맛교수  더빙 : 병맛교수,야미야미 메일 : wjs741963@gmail.com  🎵 BGM  🎵",video_desc,no,2026-10-10
스토리 롱폼:대형 일상·공감 애니,썰레임 Ssuleim,1950000,꿈의 악마 - 「Dreaming Party」 Official MV │ 꿈을 파는 가게 OST [ENG/JPN Sub],2596524,https://www.youtube.com/watch?v=GvAJU_u3qn8,크레딧 없음,,설명란에 목소리 표기 없음,video_desc,no,2026-10-10
스토리 롱폼:잠잘 때 듣는 세계사·신화,그 남자의 목소리,513000,하룻 밤에 듣는 세계사를 들으니 교양도 쌓이고 꿀잠까지 들어버렸습니다!🌙 잠잘 때 듣는 책이 깊은 수면에도 좋고 마음이 풍요로워지네요!ㅣ중간 광고없는 오디오북ㅣ책 읽어주는 남자,2567082,https://www.youtube.com/watch?v=ALQkEfTdYvw,크레딧 없음,,설명란에 목소리 표기 없음,video_desc,no,2026-10-10
○○ 특 공감 애니 쇼츠,알룔료,352000,고속도로 합류구간 새치기 차량 참교육,32024718,https://www.youtube.com/shorts/0VHltrUnuKM,크레딧 없음,,설명란에 목소리 표기 없음,video_desc,no,2026-10-10
스토리 롱폼:사연·사이다 영상툰,두근이 영상툰,66500,(사이다툰) 내 돈으로 회식하고 회사 돈 빼돌리는 상사들 모음집ㅣ영상툰/썰툰/사연툰,124199,https://www.youtube.com/watch?v=2t1PBhAF1Rk,크레딧 없음,,설명란에 목소리 표기 없음,video_desc,no,2026-10-10
스토리 롱폼:사연·사이다 영상툰,개구리 영상툰,77600,(사이다툰) 억지 그만부리세요! 자기들만 맞다고 우기는 시댁에 반격😆 모음집👊ㅣ영상툰ㅣ썰툰,157232,https://www.youtube.com/watch?v=vEAEU2HLKas,크레딧 없음,,설명란에 목소리 표기 없음,video_desc,no,2026-10-10
정보·지식 쇼츠,차도르,964000,UFC를 습격한 제2의 이소룡 ㄷㄷ,10699543,https://www.youtube.com/shorts/50AmZI-olqs,크레딧 없음,,설명란에 목소리 표기 없음,video_desc,no,2026-10-10
낙서 짤툰 쇼츠,콩자반,22400,오프리쉬 신고하면 벌어지는 일,6146518,https://www.youtube.com/shorts/mGHs1NhvqNk,크레딧 없음,,설명란에 목소리 표기 없음,video_desc,no,2026-10-10
스토리 롱폼:자기 쇼츠 몰아보기,도전! 우머쭈,64500,우머쭈 밈더빙 쇼츠 1시간 모음집,181330,https://www.youtube.com/watch?v=VcflHRTG4AQ,사람 목소리(성우/본인 더빙),,"제목: ""밈더빙""",video_title,no,2026-10-10
스토리 롱폼:잠잘 때 듣는 세계사·신화,그 남자의 목소리,513000,"틀어놓고 주무세요🌙 (직접 녹음, AI아님)ㅣ자면서 듣는 500년 역대 왕들의 풀스토리, 조선왕조실록ㅣ중간 광고없는 오디오북ㅣ오디오북ㅣ 책 읽어주는 남자",420000,https://www.youtube.com/watch?v=Yk06Vu8dpbg,사람 목소리(성우/본인 더빙),,"제목: ""(직접 녹음, AI아님)""",video_title,no,2026-10-10
스토리 롱폼:잠잘 때 듣는 세계사·신화,그 남자의 목소리,513000,"틀어놓고 주무세요🌙 (직접 녹음, AI아님)ㅣ하룻밤 탈무드 동화 이야기🌙ㅣ잠잘 때 듣는 이야기는 수면음악만큼 깊은 수면에 좋습니다ㅣ중간 광고없는 오디오북ㅣ책 읽어주는 남자",231826,https://www.youtube.com/watch?v=5PvQeBDp6cc,사람 목소리(성우/본인 더빙),,"제목: ""(직접 녹음, AI아님)""",video_title,no,2026-10-10
스토리 롱폼:잠잘 때 듣는 세계사·신화,그 남자의 목소리,513000,이란 전쟁... 이것 모르면 뉴스 이해 못합니다 (중동 세계사)ㅣ틀어놓고 주무세요 🌙 (AI 아님) 오디오북ㅣ오디오북ㅣ 책 읽어주는 남자,130000,https://www.youtube.com/watch?v=hMqKVgzDz1U,사람 목소리(성우/본인 더빙),,"제목: ""(직접 녹음, AI아님)""",video_title,no,2026-10-10
스토리 롱폼:잠잘 때 듣는 세계사·신화,잘듣세 - 잘 때 듣는 세계사,167000,🌙성우 이지선이 직접 읽어드리는 | 조선왕조실록 : 500년 조선 왕조를 설계한 두 남자의 운명적 만남 | 잘듣세,2030902,https://www.youtube.com/watch?v=tmdwD3ex6zE,사람 목소리(성우/본인 더빙),이지선(성우),"제목: ""성우 이지선 낭독/직접 읽어드리는""",video_title,no,2026-10-10
스토리 롱폼:잠잘 때 듣는 세계사·신화,잘듣세 - 잘 때 듣는 세계사,167000,🌙성우 이지선 낭독 | 드라마보다 더 재밌는 백제 700년 풀스토리 | 잘듣세,880000,https://www.youtube.com/watch?v=qbc8clunueY,사람 목소리(성우/본인 더빙),이지선(성우),"제목: ""성우 이지선 낭독/직접 읽어드리는""",video_title,no,2026-10-10
스토리 롱폼:잠잘 때 듣는 세계사·신화,잘듣세 - 잘 때 듣는 세계사,167000,🌙성우 이지선 낭독 | 듣다 보면 5분 만에 잠드는 동양 철학 1부 (공자·묵자·노자·장자·맹자) | 잘듣세,840000,https://www.youtube.com/watch?v=WNIcdIGs3cI,사람 목소리(성우/본인 더빙),이지선(성우),"제목: ""성우 이지선 낭독/직접 읽어드리는""",video_title,no,2026-10-10
스토리 롱폼:대형 일상·공감 애니,뚜식이,1050000,참교육 몰아보기 BEST22 [병맛더빙/사이다툰/참교육],10847141,https://www.youtube.com/watch?v=TLZiuiM2JKk,사람 목소리(성우/본인 더빙),,"제목: ""병맛더빙""",video_title,no,2026-10-10
스토리 롱폼:대형 일상·공감 애니,뚜식이,1050000,음주운전 빌런 참교육 [병맛더빙/사이다툰/참교육],1570305,https://www.youtube.com/watch?v=lcBNeXJFt8s,사람 목소리(성우/본인 더빙),,"제목: ""병맛더빙""",video_title,no,2026-10-10
스토리 롱폼:대형 일상·공감 애니,병맛교수,445000,마마무마마 - 병맛더빙,1458223,https://www.youtube.com/watch?v=sCjW0sl7ZGw,사람 목소리(성우/본인 더빙),,"제목: ""병맛더빙""",video_title,no,2026-10-10
스토리 롱폼:대형 일상·공감 애니,병맛교수,445000,4차원 어른들 반려견편 - 병맛더빙,1030000,https://www.youtube.com/watch?v=g24Wp4vxPN8,사람 목소리(성우/본인 더빙),,"제목: ""병맛더빙""",video_title,no,2026-10-10
스토리 롱폼:대형 일상·공감 애니,병맛교수,445000,4차원 아기들 바다편 - 병맛더빙,1000000,https://www.youtube.com/watch?v=mAg7e4neEf8,사람 목소리(성우/본인 더빙),,"제목: ""병맛더빙""",video_title,no,2026-10-10
스토리 롱폼:대형 일상·공감 애니,헛소리,237000,[병맛더빙] 어딘가 잘못된 포켓몬스터 1~10화 모음집,2469894,https://www.youtube.com/watch?v=XO-owB-QYkM,사람 목소리(성우/본인 더빙),,"제목: ""병맛더빙""",video_title,no,2026-10-10
스토리 롱폼:대형 일상·공감 애니,헛소리,237000,[병맛더빙] 어딘가 잘못된 썰 몰아보기 1,444158,https://www.youtube.com/watch?v=vJtp0tS-UGA,사람 목소리(성우/본인 더빙),,"제목: ""병맛더빙""",video_title,no,2026-10-10
스토리 롱폼:대형 일상·공감 애니,헛소리,237000,[병맛더빙] 어딘가 잘못된 SM결혼 썰,330000,https://www.youtube.com/watch?v=cfJTFg4hjl0,사람 목소리(성우/본인 더빙),,"제목: ""병맛더빙""",video_title,no,2026-10-10
스토리 롱폼:공포툰·이무이 영상툰,찐스톤,58900,2월은 무서운게 딱 좋아! [찐스톤 몰아보기 + 성우 버전],150000,https://www.youtube.com/watch?v=Kmy4pZuUJSc,사람 목소리(성우/본인 더빙),,"제목: ""[몰아보기 + 성우 버전]""",video_title,no,2026-10-10
다큐 롱폼:F2 수면 역사·신화 낭독,잘듣세 - 잘 때 듣는 세계사,167000,🌙성우 이지선 낭독 | 가장 처절했던 철학자 니체 일대기 풀버전 | 잘듣세,110000,https://www.youtube.com/watch?v=zQ-WS30CA0k,사람 목소리(성우/본인 더빙),이지선(성우),"제목: ""성우 이지선 낭독/직접 읽어드리는""",video_title,no,2026-10-10
다큐 롱폼:F2 수면 역사·신화 낭독,잘듣세 - 잘 때 듣는 세계사,167000,🌙성우 이지선 낭독 | 드라마보다 더 재미있는 신라 1000년 풀스토리 | 잘듣세,240000,https://www.youtube.com/watch?v=3BeGsxgMYCs,사람 목소리(성우/본인 더빙),이지선(성우),"제목: ""성우 이지선 낭독/직접 읽어드리는""",video_title,no,2026-10-10
다큐 롱폼:F2 수면 역사·신화 낭독,잘듣세 - 잘 때 듣는 세계사,167000,🌙성우 이지선 낭독 | 번뇌가 사라지고 저절로 외워지는 동양 철학(순자·한비자·석가모니·혜능·주희)|잘듣세,290000,https://www.youtube.com/watch?v=RGZ5lN8P7Gc,사람 목소리(성우/본인 더빙),이지선(성우),"제목: ""성우 이지선 낭독/직접 읽어드리는""",video_title,no,2026-10-10
정보·지식 쇼츠,꿀잼교실,,(채널 단위),,https://typecast.ai/kr/learn/interview-with-a-shorts-creator/,Typecast,준상/민지/정섭,"""현재 제 채널에 업로드된 모든 콘텐츠는 타입캐스트를 이용하여 제작""; 최애는 준상, 민지·정섭도 자주",vendor_case,yes,2026-10-10
정보·지식 쇼츠,꿀잼교실,,(채널 단위),,https://typecast.ai/kr/learn/create-informative-youtube-channels-with-typecast/,Typecast,희연,꿀잼교실 ... 희연 (빠르게 흥미로운 이야기 전달),vendor_case,yes,2026-10-10
정보·지식 쇼츠,우주의 발견,,(채널 단위),,https://typecast.ai/kr/learn/create-informative-youtube-channels-with-typecast/,Typecast,시원,"우주의 발견 ... 시원 (""정확한 발음으로 집중해야 하는 상황에 딱!"")",vendor_case,yes,2026-10-10
정보·지식 쇼츠,애니멀봐 (SBS동물농장),,(채널 단위),,https://typecast.ai/kr/learn/create-informative-youtube-channels-with-typecast/,Typecast,강수정 기자/다보나 기자/도한/발키리,"강수정 기자, 다보나 기자, 도한, 발키리 등 (앵커·기자·관계자 역)",vendor_case,yes,2026-10-10
정보·지식 쇼츠,압권TV,,(채널 단위),,https://typecast.ai/kr/learn/reveal-shorts-trending-videos-made-by-these-characters/,Typecast,혜리,"""알기 쉽게 지식 콘텐츠를 제공하는 압권TV"" - 혜리",vendor_case,yes,2026-10-10
정보·지식 쇼츠,살림은 박가장,,(채널 단위),,https://typecast.ai/kr/learn/reveal-shorts-trending-videos-made-by-these-characters/,Typecast,도한,"""살림 꿀팁을 알려주는 살림 박가장"" - 도한",vendor_case,yes,2026-10-10
정보·지식 쇼츠,또보패션,,(채널 단위),,https://typecast.ai/kr/learn/reveal-shorts-trending-videos-made-by-these-characters/,Typecast,애란이,또 보고 싶은 패션 - 애란이,vendor_case,yes,2026-10-10
정보·지식 쇼츠,건강은 아들래미,2.5만(8개월 내 달성 주장),(채널 단위),,https://typecast.ai/kr/learn/popular-content-ranked-on-youtube-korea-2023-a-year-on-youtube/,Typecast,도한,"""8개월이 채 되지 않은 시간 동안 구독자 2만 5천"" - 도한",vendor_case,yes,2026-10-10
정보·지식 쇼츠,우렁신랑,,(채널 단위),,https://typecast.ai/kr/learn/secrets-behind-the-popular-channels-on-varoius-platforms/,Typecast,재영,"""다정한 남편의 목소리로"" - 재영",vendor_case,yes,2026-10-10
정보·지식 쇼츠,보라색 지구,,(채널 단위),,https://typecast.ai/kr/learn/secrets-behind-the-popular-channels-on-varoius-platforms/,Typecast,곽두필,"""걸걸하지만 친숙한 사투리로"" - 곽두필",vendor_case,yes,2026-10-10
정보·지식 쇼츠,행동탐험가,,(채널 단위),,https://typecast.ai/kr/learn/unveiling-the-hottest-trends-exploring-youtube-shorts-trendy-content-frenzy/,Typecast,진우,"""신뢰감을 주는 진우의 목소리""",vendor_case,yes,2026-10-10
정보·지식 쇼츠,루피 덕후 해적단,10만+(실버버튼),(채널 단위),,https://typecast.ai/kr/learn/interview-with-a-youtuber-creating-anime-review-content-one-piece/,Typecast,준희,"준희 ""실버버튼을 받게 해 준 고마운 캐릭터""",vendor_case,yes,2026-10-10
썰/사연툰 쇼츠,팥쥐(POTG),136만(인터뷰 시점),(채널 단위),,https://typecast.ai/kr/learn/meeting-an-animation-youtuber-using-typecast-ai/,Typecast,하영(민초딩 역),"""재밌는 썰, 밈 등을 찾아봅니다. 타입캐스트로 더빙을 해봅니다!"" / 민초딩=하영",vendor_case,yes,2026-10-10
썰/사연툰 쇼츠,꿀팁한입,,(채널 단위),,https://typecast.ai/kr/learn/what-ai-voice-program-do-animation-creators-use/,Typecast,최정(간호사 역),"""간호사 목소리로 타입캐스트의 최정이라는 캐릭터를 사용""",vendor_case,yes,2026-10-10
썰/사연툰 쇼츠,내하루,30만(7개월 내 주장),(채널 단위),,https://typecast.ai/kr/learn/most-popular-characters-of-typecast-in-2023/,Typecast,발키리,"""첫 영상을 올린 지 7개월 만에 30만 유튜버로 등극"" - 발키리",vendor_case,yes,2026-10-10
썰/사연툰 쇼츠,뛰뛰빵빵 옥순,,(채널 단위),,https://typecast.ai/kr/learn/unveiling-the-hottest-trends-exploring-youtube-shorts-trendy-content-frenzy/,Typecast,발키리,"""분노를 표출하는 타입캐스트의 발키리의 목소리!"" (요리하며 썰)",vendor_case,yes,2026-10-10
○○ 특 공감 애니 쇼츠,댓글맛집,,(채널 단위),,https://typecast.ai/kr/learn/unveiling-the-hottest-trends-exploring-youtube-shorts-trendy-content-frenzy/,Typecast,덕구,"""어리숙한 것 같지만 귀여운 덕구"" (댓글 쇼츠)",vendor_case,yes,2026-10-10
썰/사연툰 쇼츠,(채널명 미기재) 유튜브 코리아 2023 인기 쇼츠 9위,,도시락 싸는 아내 일상,,https://typecast.ai/kr/learn/popular-content-ranked-on-youtube-korea-2023-a-year-on-youtube/,Typecast,한나,"""도시락 싸는 와이프의 목소리로 등장한 한나""",vendor_case,yes,2026-10-10
기타(맛집 리뷰 쇼츠),먹쪼이,,(채널 단위),,https://typecast.ai/kr/learn/the-trending-restaurant-review-creators-from-youtube-shorts/,Typecast,발키리,"""분노의 화신 발키리가 전하는 가성비 값 짜장면 맛집 리뷰!""",vendor_case,yes,2026-10-10
기타(맛집 리뷰 쇼츠),대구 맛집 수사대,,(채널 단위),,https://typecast.ai/kr/learn/the-trending-restaurant-review-creators-from-youtube-shorts/,Typecast,대길,"""고기 맛집을 생생한 내레이션으로 소개하는 대구 맛집 수사대""",vendor_case,yes,2026-10-10
기타(맛집 리뷰 쇼츠),빵빠레(빵에 빠진 레이디),,(채널 단위),,https://typecast.ai/kr/learn/the-trending-restaurant-review-creators-from-youtube-shorts/,Typecast+본인 목소리,엘라,"""본인의 시원시원한 내레이션과 ... 미국 어린이 엘라의 콜라보레이션""",vendor_case,yes,2026-10-10
기타(유머 쇼츠),웃음킹,,(채널 단위),,https://typecast.ai/kr/learn/introducing-typecast-korean-dialect-tts/,Typecast,박창수,웃음킹 - 박창수(충청도 사투리),vendor_case,yes,2026-10-10
기타(아이돌 쇼츠),짤덕방 / KPOP お知らせいたします,,(채널 단위),일부 약 100만,https://antinodeaudio.com/en/work/creator-interview-tts-insight-1-eng,Supertone Play,Toby/Serin,"""Toby and Serin"" (Supertone 제안으로 사용 시작)",vendor_case,yes,2026-10-10
기타(쇼츠 일반),(채널명 미확인·WebSearch 결과 스니펫),,쇼츠에서 경박한 목소리 유행하는 이유;; #화난여자tts #typecast #광고,,https://www.youtube.com/shorts/NWb1WBzCp9w,Typecast,발키리,"""타입캐스트의 발키리 Ai 보이스"" (#광고)",video_desc,yes,2026-10-10
스토리 롱폼:괴담 낭독·공포 라디오,왓섭! 공포라디오,18만(기사 시점),(채널 단위),,https://www.dailian.co.kr/news/view/960039/,사람 목소리(본인 연기),본인,"""자신의 목소리와 연기만으로 한 무서운 사연을 구성한 콘텐츠"" (납량특집은 미리 더빙)",article,yes,2026-10-10
스토리 롱폼:괴담 낭독·공포 라디오,돌비 공포라디오,9만여+(기사 시점),(채널 단위),,https://www.dailian.co.kr/news/view/960039/,사람 목소리(전화 인터뷰),제보자+본인,"""시청자가 크리에이터 돌비와 직접 통화를 하며"" 인터뷰 형식",article,yes,2026-10-10
썰/사연툰 쇼츠,에트라의 황당한 극장!,,(채널 단위),,https://kmong.com/gig/452581,사람 목소리(외주 성우),판매자 성우(이름 비공개),"""100편 상당의 영상툰 더빙"" (크몽 성우 판매 페이지의 경력 기재)",article,yes,2026-10-10
