id,label,pages,page_cer,page_cer_max,lag_med_ms,lag_p95_ms,silent_starts
sseol16,edge_now,30,0.38,1.6,36,396,2/68
sseol16,supertonic,30,0.519,2.333,88,463,0/68
sseol16,edge_tuned,30,0.394,1.6,51,394,0/68
issue4,edge_now,22,0.697,2.5,54,992,3/46
issue4,supertonic,22,0.649,2.5,106,789,1/46
issue4,edge_tuned,22,0.696,2.5,52,882,3/46
horror6,edge_now,16,0.021,0.333,141,947,3/44
horror6,supertonic,16,0.047,0.333,93,585,3/44
lfsaeyeon1,supertonic,18,0.06,0.5,176,739,2/18
horror6,edge_tuned,16,0.039,0.333,93,563,2/44
lfsaeyeon1,edge_tuned,15,0.008,0.125,223,672,3/15
lfsaeyeon1,edge_now,15,0.02,0.222,107,684,3/15
