cand,line,kind,engine,voice,dur,syl,sps,target,art,np,pmean,pmax,f0st,f0hz,mos,cer,rtf,hyp
edge_now,T01,썰 내레이션,edge,"{""edge"": ""ko-KR-SunHiNeural"", ""rate"": ""+28%""}",2.43,19,7.83,6.6,7.83,0,0.0,0.0,12.4,251.4,2.34,0.0,0.5,근데 사진마다 누구한테 보낸 기록이 있는 거야?
edge_now,T02,신난 대사,edge,"{""edge"": ""ko-KR-SunHiNeural"", ""rate"": ""+12%"", ""pitch"": ""+20Hz""}",2.82,11,3.9,6.6,5.74,1,0.9,0.9,11.3,249.9,3.86,0.0,0.35,"선배, 방금 뭐가 지나갔어요?"
edge_now,T03,슬픈 대사,edge,"{""edge"": ""ko-KR-SunHiNeural"", ""rate"": ""-12%"", ""pitch"": ""-20Hz""}",7.39,27,3.65,5.4,5.52,3,0.83,1.11,21.7,192.7,3.89,0.037,0.13,도윤. 도희한텐 말하지 마라. 엄마가 해준다고 했는데 손이 이래서.
edge_now,T04,숫자·날짜,edge,"{""edge"": ""ko-KR-InJoonNeural"", ""rate"": ""+25%""}",4.84,36,7.43,6.8,8.14,1,0.42,0.42,22.7,169.7,3.38,0.0,0.23,지금은 2004년부터 KTX가 달리고 2024년 이용객만 8천만 명이 넘어요.
edge_now,T05,영어 단어,edge,"{""edge"": ""ko-KR-InJoonNeural"", ""rate"": ""+25%""}",2.9,19,6.54,6.8,7.59,2,0.2,0.32,20.8,142.7,3.45,0.0,0.3,나사가 만든 로봇들 하나같이 정상이 아닙니다.
edge_now,T06,괴담 속삭임,edge,"{""edge"": ""ko-KR-InJoonNeural"", ""rate"": ""+18%"", ""pitch"": ""-4Hz""}",3.02,11,3.64,4.6,6.01,1,1.19,1.19,21.7,166.8,3.48,0.0,0.21,손가락으로 쓴 글씨. 또 봤네.
edge_now,T07,괴담 반전,edge,"{""edge"": ""ko-KR-InJoonNeural"", ""rate"": ""+18%"", ""pitch"": ""-4Hz""}",1.89,12,6.36,4.232,6.64,1,0.08,0.08,17.2,147.7,3.63,0.0,0.53,그 차는 문이 전부 잠겨 있었다.
edge_now,T08,다큐 문단(존댓말 4문장),edge,"{""edge"": ""ko-KR-InJoonNeural"", ""rate"": ""+0%""}",18.88,79,4.18,5.0,6.07,8,0.73,1.52,22.1,142.7,3.64,0.025,0.07,"바닷속으로 200미터만 내려가도 햇빛은 거의 사라집니다. 그 아래는 빛 한 줄기 없는 어둠, 바로 심해입니다. 바다의 평균 깊이는 약 3,700미터. 가장 깊은 마리아나 해군은 11,000미터에 가깝습니다."
edge_now,T09,짤툰 빠른 반말,edge,"{""edge"": ""ko-KR-InJoonNeural"", ""rate"": ""+50%""}",2.52,17,6.74,7.4,7.78,1,0.34,0.34,20.1,156.5,2.92,0.176,0.36,땡. 4번은 한 마리당 A4 한 장보다 좁음.
edge_now,T10,정보 훅,edge,"{""edge"": ""ko-KR-InJoonNeural"", ""rate"": ""+40%""}",1.85,14,7.56,7.344,7.56,0,0.0,0.0,17.4,159.3,3.14,0.0,0.36,1초에 백조 개가 몸을 뚫고 갑니다.
edge_now,T11,버럭 대사,edge,"{""edge"": ""ko-KR-SunHiNeural"", ""rate"": ""+38%"", ""pitch"": ""-4Hz""}",1.3,10,7.72,7.4,7.72,0,0.0,0.0,8.4,222.6,3.32,0.0,0.53,계란 1번으로 사오랬지?
edge_now,T12,할아버지 대사,edge,"{""edge"": ""ko-KR-InJoonNeural"", ""rate"": ""+22%"", ""pitch"": ""-15Hz""}",1.87,13,6.95,6.6,6.95,0,0.0,0.0,19.1,156.5,3.15,0.0,0.34,그럼 내일부턴 당신을 찍어야지.
edge_tuned,T01,썰 내레이션,edge,"{""edge"": ""fr-FR-VivienneMultilingualNeural"", ""rate"": ""+8%"", ""post"": true}",2.9,19,6.54,6.6,6.54,0,0.0,0.0,11.4,190.5,3.86,0.0,0.62,근데 사진마다 누구한테 보낸 기록이 있는 거야.
edge_tuned,T02,신난 대사,edge,"{""edge"": ""en-US-AvaMultilingualNeural"", ""rate"": ""+57%"", ""post"": true}",1.72,11,6.38,6.6,7.51,1,0.26,0.26,11.6,264.8,3.32,0.0,1.22,"선배, 방금 뭐가 지나갔어요?"
edge_tuned,T03,슬픈 대사,edge,"{""edge"": ""de-DE-SeraphinaMultilingualNeural"", ""rate"": ""+33%"", ""post"": true}",5.1,27,5.3,5.4,6.64,3,0.34,0.37,10.0,180.8,3.62,0.037,0.43,"도윤아, 도이한텐 말하지 마라. 엄마가 해준다고 했는데 손이 이래서."
edge_tuned,T04,숫자·날짜,edge,"{""edge"": ""ko-KR-InJoonNeural"", ""rate"": ""+14%"", ""post"": true}",5.3,36,6.79,6.8,7.43,1,0.46,0.46,22.7,165.8,3.46,0.0,0.31,지금은 2004년부터 KTX가 달리고 2024년 이용객만 8천만 명이 넘어요.
edge_tuned,T05,영어 단어,edge,"{""edge"": ""ko-KR-InJoonNeural"", ""rate"": ""+29%"", ""post"": true}",2.82,19,6.73,6.8,7.5,1,0.29,0.29,21.0,145.2,3.18,0.0,0.45,"나사가 만든 로봇들, 하나같이 정상이 아닙니다."
edge_tuned,T06,괴담 속삭임,edge,"{""edge"": ""ko-KR-HyunsuMultilingualNeural"", ""rate"": ""+31%"", ""post"": true}",2.41,11,4.56,4.6,5.47,1,0.4,0.4,11.7,155.6,3.63,0.0,0.52,손가락으로 쓴 글씨. 또 봤네.
edge_tuned,T07,괴담 반전,edge,"{""edge"": ""ko-KR-HyunsuMultilingualNeural"", ""rate"": ""-12%"", ""post"": true}",2.81,12,4.27,4.232,4.47,1,0.13,0.13,11.5,131.6,3.93,0.0,0.53,그 차는 문이 전부 잠겨있었다.
edge_tuned,T08,다큐 문단(존댓말 4문장),edge,"{""edge"": ""ko-KR-HyunsuMultilingualNeural"", ""rate"": ""+10%"", ""post"": true}",15.81,79,5.0,5.0,6.17,8,0.38,0.65,11.6,140.3,3.54,0.025,0.32,"바닷속으로 200미터만 내려가도 햇빛은 거의 사라집니다. 그 아래는 빛 한 줄기 없는 어둠, 바로 심해입니다. 바다의 평균 깊이는 약 3,700미터, 가장 깊은 마리아나 해군은 11,000미터에 가깝습니다."
edge_tuned,T09,짤툰 빠른 반말,edge,"{""edge"": ""ko-KR-InJoonNeural"", ""rate"": ""+54%"", ""post"": true}",2.36,17,7.21,7.4,8.34,1,0.32,0.32,17.1,146.9,2.7,0.176,0.37,땡. 4번은 한 마리당 A4 한 장보다 좁음.
edge_tuned,T10,정보 훅,edge,"{""edge"": ""ko-KR-InJoonNeural"", ""rate"": ""+34%"", ""post"": true}",1.94,14,7.22,7.344,7.22,0,0.0,0.0,9.6,160.6,3.12,0.0,0.66,1초에 백조 개가 몸을 뚫고 갑니다.
edge_tuned,T11,버럭 대사,edge,"{""edge"": ""en-US-EmmaMultilingualNeural"", ""rate"": ""+43%"", ""post"": true}",1.39,10,7.2,7.4,7.2,0,0.0,0.0,7.2,225.2,2.87,0.1,1.35,계란 1번으로 사오랫지.
edge_tuned,T12,할아버지 대사,edge,"{""edge"": ""fr-FR-RemyMultilingualNeural"", ""rate"": ""+29%"", ""post"": true}",2.0,13,6.49,6.6,6.49,0,0.0,0.0,13.9,123.2,3.55,0.0,0.6,그럼 내일부턴 당신을 찍어야지.
supertonic,T01,썰 내레이션,supertonic,"{""voice"": ""F1"", ""speed"": 0.999, ""post"": true}",2.89,19,6.58,6.6,6.58,0,0.0,0.0,14.9,198.3,4.14,0.0,2.21,근데 사진마다 누구한테 보낸 기록이 있는 거야.
supertonic,T02,신난 대사,supertonic,"{""voice"": ""F2"", ""speed"": 1.209, ""post"": true}",1.63,11,6.74,6.6,7.27,1,0.12,0.12,9.8,264.0,2.87,0.0,3.96,"선배, 방금 뭐가 지나갔어요?"
supertonic,T03,슬픈 대사,supertonic,"{""voice"": ""F3"", ""speed"": 1.192, ""post"": true}",5.08,27,5.31,5.4,6.21,3,0.25,0.4,10.5,174.7,4.26,0.074,1.45,"도윤아, 도이한테 말하지 마라. 엄마가 해준다고 했는데 손이 이래서."
supertonic,T04,숫자·날짜,supertonic,"{""voice"": ""M4"", ""speed"": 1.129, ""post"": true}",5.4,36,6.67,6.8,6.88,1,0.17,0.17,13.0,130.1,3.94,0.0,1.3,지금은 2004년부터 KTX가 달리고 2024년 이용객만 8천만 명이 넘어요.
supertonic,T05,영어 단어,supertonic,"{""voice"": ""M4"", ""speed"": 1.167, ""post"": true}",2.87,19,6.63,6.8,6.63,0,0.0,0.0,10.0,108.2,3.95,0.0,2.3,NASA가 만든 로봇들 하나같이 정상이 아닙니다.
supertonic,T06,괴담 속삭임,supertonic,"{""voice"": ""M5"", ""speed"": 0.878, ""post"": true}",2.59,11,4.24,4.6,5.01,1,0.4,0.4,32.2,115.9,3.69,0.0,2.51,손가락으로 쓴 글씨 또 봤네?
supertonic,T07,괴담 반전,supertonic,"{""voice"": ""M5"", ""speed"": 0.7, ""post"": true}",2.58,12,4.65,4.232,4.87,1,0.12,0.12,6.6,83.4,3.8,0.0,2.48,그 차는 문이 전부 잠겨 있었다.
supertonic,T08,다큐 문단(존댓말 4문장),supertonic,"{""voice"": ""M1"", ""speed"": 1.013, ""post"": true}",16.17,79,4.89,5.0,5.98,8,0.37,0.77,17.7,152.1,3.79,0.025,0.67,"바닷속으로 200미터만 내려가도 햇빛은 거의 사라집니다. 그 아래는 빛 한 줄기 없는 어둠, 바로 심해입니다. 바다의 평균 깊이는 약 3,700미터, 가장 깊은 마리아나 해군은 만 1,000미터에 가깝습니다."
supertonic,T09,짤툰 빠른 반말,supertonic,"{""voice"": ""M4"", ""speed"": 1.316, ""post"": true}",2.54,17,6.7,7.4,6.7,0,0.0,0.0,9.6,130.5,3.84,0.176,2.6,"땡, 4번은 한 마리당 A4 한 장보다 좁음."
supertonic,T10,정보 훅,supertonic,"{""voice"": ""M4"", ""speed"": 1.228, ""post"": true}",1.87,14,7.47,7.344,7.47,0,0.0,0.0,10.2,125.3,3.64,0.0,3.31,1초에 백조개가 몸을 뚫고 갑니다.
supertonic,T11,버럭 대사,supertonic,"{""voice"": ""F4"", ""speed"": 1.128, ""post"": true}",1.43,10,7.02,7.4,7.02,0,0.0,0.0,5.6,235.9,2.98,0.0,4.12,계란 1번으로 사오랬지.
supertonic,T12,할아버지 대사,supertonic,"{""voice"": ""M3"", ""speed"": 0.877, ""post"": true}",1.97,13,6.59,6.6,6.59,0,0.0,0.0,5.2,95.8,3.65,0.0,3.19,그럼 내일부턴 당신을 찍어야지.
abl_edge_voices,T01,썰 내레이션,edge,"{""edge"": ""fr-FR-VivienneMultilingualNeural"", ""rate"": ""+0%""}",3.09,19,6.15,6.6,6.15,0,0.0,0.0,11.1,192.7,4.07,0.0,0.35,근데 사진마다 누구한테 보낸 기록이 있는 거야.
abl_edge_voices,T02,신난 대사,edge,"{""edge"": ""en-US-AvaMultilingualNeural"", ""rate"": ""+0%""}",2.6,11,4.23,6.6,5.05,1,0.42,0.42,5.7,269.4,4.07,0.0,0.47,"선배, 방금 뭐가 지나갔어요?"
abl_edge_voices,T03,슬픈 대사,edge,"{""edge"": ""de-DE-SeraphinaMultilingualNeural"", ""rate"": ""+0%""}",6.65,27,4.06,5.4,5.17,3,0.48,0.51,24.3,175.7,4.13,0.037,0.11,"도윤아, 도이한텐 말하지 마라. 엄마가 해준다고 했는데 손이 이래서."
abl_edge_voices,T04,숫자·날짜,edge,"{""edge"": ""ko-KR-InJoonNeural"", ""rate"": ""+0%""}",6.04,36,5.96,6.8,6.53,1,0.53,0.53,22.3,163.9,3.78,0.0,0.21,지금은 2004년부터 KTX가 달리고 2024년 이용객만 8천만 명이 넘어요.
abl_edge_voices,T05,영어 단어,edge,"{""edge"": ""ko-KR-InJoonNeural"", ""rate"": ""+0%""}",3.59,19,5.29,6.8,6.12,2,0.24,0.4,21.0,141.9,3.82,0.0,0.25,"나사가 만든 로봇들, 하나같이 정상이 아닙니다."
abl_edge_voices,T06,괴담 속삭임,edge,"{""edge"": ""ko-KR-HyunsuMultilingualNeural"", ""rate"": ""+0%""}",3.11,11,3.53,4.6,4.26,1,0.53,0.53,20.3,155.6,3.84,0.0,0.21,손가락으로 쓴 글씨. 또 봤네.
abl_edge_voices,T07,괴담 반전,edge,"{""edge"": ""ko-KR-HyunsuMultilingualNeural"", ""rate"": ""+0%""}",2.48,12,4.85,4.232,5.14,1,0.14,0.14,11.7,132.4,4.1,0.0,0.38,그 차는 문이 전부 잠겨있었다.
abl_edge_voices,T08,다큐 문단(존댓말 4문장),edge,"{""edge"": ""ko-KR-HyunsuMultilingualNeural"", ""rate"": ""+0%""}",17.38,79,4.55,5.0,5.69,9,0.39,0.74,19.5,137.8,3.75,0.025,0.07,"바닷속으로 200미터만 내려가도 햇빛은 거의 사라집니다. 그 아래는 빛 한 줄기 없는 어둠, 바로 심해입니다. 바다의 평균 깊이는 약 3,700미터, 가장 깊은 마리아나 해군은 11,000미터에 가깝습니다."
abl_edge_voices,T09,짤툰 빠른 반말,edge,"{""edge"": ""ko-KR-InJoonNeural"", ""rate"": ""+0%""}",3.72,17,4.57,7.4,5.31,1,0.52,0.52,21.9,138.3,3.71,0.176,0.23,"땡, 4번은 한 마리당 A4 한 장보다 좁음."
abl_edge_voices,T10,정보 훅,edge,"{""edge"": ""ko-KR-InJoonNeural"", ""rate"": ""+0%""}",2.53,14,5.53,7.344,5.71,1,0.08,0.08,17.9,155.6,3.52,0.0,0.23,1초에 백조 개가 몸을 뚫고 갑니다.
abl_edge_voices,T11,버럭 대사,edge,"{""edge"": ""en-US-EmmaMultilingualNeural"", ""rate"": ""+0%""}",1.93,10,5.17,7.4,5.45,1,0.1,0.1,6.2,234.5,3.82,0.0,0.28,계란 1번으로 사오랬지.
abl_edge_voices,T12,할아버지 대사,edge,"{""edge"": ""fr-FR-RemyMultilingualNeural"", ""rate"": ""+0%""}",2.54,13,5.12,6.6,5.29,1,0.08,0.08,14.6,115.6,3.81,0.077,0.27,그럼 내일부턴 방신을 찍어야지.
abl_edge_voices_rate,T01,썰 내레이션,edge,"{""edge"": ""fr-FR-VivienneMultilingualNeural"", ""rate"": ""+7%""}",2.87,19,6.62,6.6,6.62,0,0.0,0.0,11.8,189.9,3.98,0.0,0.51,근데 사진마다 누구한테 보낸 기록이 있는 거야.
abl_edge_voices_rate,T02,신난 대사,edge,"{""edge"": ""en-US-AvaMultilingualNeural"", ""rate"": ""+56%""}",1.79,11,6.16,6.6,7.31,1,0.28,0.28,8.9,260.2,3.45,0.0,0.95,"선배, 방금 뭐가 지나갔어요?"
abl_edge_voices_rate,T03,슬픈 대사,edge,"{""edge"": ""de-DE-SeraphinaMultilingualNeural"", ""rate"": ""+33%""}",5.07,27,5.32,5.4,6.8,3,0.37,0.4,10.3,180.8,4.08,0.037,0.15,"도윤아, 도이한텐 말하지 마라. 엄마가 해준다고 했는데 손이 이래서."
abl_edge_voices_rate,T04,숫자·날짜,edge,"{""edge"": ""ko-KR-InJoonNeural"", ""rate"": ""+14%""}",5.3,36,6.8,6.8,7.44,1,0.46,0.46,22.3,166.8,3.59,0.0,0.16,지금은 2004년부터 KTX가 달리고 2024년 이용객만 8천만 명이 넘어요.
abl_edge_voices_rate,T05,영어 단어,edge,"{""edge"": ""ko-KR-InJoonNeural"", ""rate"": ""+29%""}",2.82,19,6.75,6.8,7.58,1,0.31,0.31,21.3,146.0,3.34,0.0,0.25,"나사가 만든 로봇들, 하나같이 정상이 아닙니다."
abl_edge_voices_rate,T06,괴담 속삭임,edge,"{""edge"": ""ko-KR-HyunsuMultilingualNeural"", ""rate"": ""+30%""}",2.42,11,4.54,4.6,5.47,1,0.41,0.41,11.8,157.0,3.7,0.0,0.63,손가락으로 쓴 글씨 또 봤네.
abl_edge_voices_rate,T07,괴담 반전,edge,"{""edge"": ""ko-KR-HyunsuMultilingualNeural"", ""rate"": ""-13%""}",2.82,12,4.25,4.232,4.49,1,0.15,0.15,11.1,130.9,4.04,0.0,0.47,그 차는 문이 전부 잠겨있었다.
abl_edge_voices_rate,T08,다큐 문단(존댓말 4문장),edge,"{""edge"": ""ko-KR-HyunsuMultilingualNeural"", ""rate"": ""+10%""}",15.79,79,5.0,5.0,6.23,8,0.39,0.66,19.5,139.4,3.76,0.025,0.06,"바닷속으로 200미터만 내려가도 햇빛은 거의 사라집니다. 그 아래는 빛 한 줄기 없는 어둠, 바로 심해입니다. 바다의 평균 깊이는 약 3,700미터, 가장 깊은 마리아나 해군은 11,000미터에 가깝습니다."
abl_edge_voices_rate,T09,짤툰 빠른 반말,edge,"{""edge"": ""ko-KR-InJoonNeural"", ""rate"": ""+62%""}",2.35,17,7.24,7.4,8.39,1,0.32,0.32,22.0,155.2,2.83,0.176,0.5,땡. 4번은 한 마리당 A4 한 장보다 좁음.
abl_edge_voices_rate,T10,정보 훅,edge,"{""edge"": ""ko-KR-InJoonNeural"", ""rate"": ""+33%""}",1.94,14,7.23,7.344,7.23,0,0.0,0.0,9.1,163.9,3.26,0.0,0.55,1초에 백조 개가 몸을 뚫고 갑니다.
abl_edge_voices_rate,T11,버럭 대사,edge,"{""edge"": ""en-US-EmmaMultilingualNeural"", ""rate"": ""+43%""}",1.37,10,7.28,7.4,7.28,0,0.0,0.0,7.3,223.9,3.16,0.0,0.49,계란 1번으로 사오랬지.
abl_edge_voices_rate,T12,할아버지 대사,edge,"{""edge"": ""fr-FR-RemyMultilingualNeural"", ""rate"": ""+29%""}",1.99,13,6.52,6.6,6.52,0,0.0,0.0,14.1,121.4,3.61,0.0,0.28,그럼 내일부턴 당신을 찍어야지.
abl_supertonic_nopost,T01,썰 내레이션,supertonic,"{""voice"": ""F1"", ""speed"": 1.048}",2.84,19,6.69,6.6,6.69,0,0.0,0.0,12.7,197.2,4.07,0.0,2.22,근데 사진마다 누구한테 보낸 기록이 있는 거야
abl_supertonic_nopost,T02,신난 대사,supertonic,"{""voice"": ""F2"", ""speed"": 1.238}",1.58,11,6.95,6.6,6.95,0,0.0,0.0,15.5,247.7,3.48,0.0,3.65,선배 방금 뭐가 지나갔어요?
abl_supertonic_nopost,T03,슬픈 대사,supertonic,"{""voice"": ""F3"", ""speed"": 1.191}",5.08,27,5.32,5.4,5.92,2,0.26,0.27,12.4,167.8,4.34,0.074,1.42,"도윤아, 도이한테 말하지 마라. 엄마가 해준다고 했는데 손이 이래서."
abl_supertonic_nopost,T04,숫자·날짜,supertonic,"{""voice"": ""M4"", ""speed"": 1.153}",5.19,36,6.94,6.8,7.28,1,0.24,0.24,10.7,120.0,3.72,0.028,1.58,지금은 2004년부터 KTX가 달리고 2024년 이용객만 8천만명이 넘어
abl_supertonic_nopost,T05,영어 단어,supertonic,"{""voice"": ""M4"", ""speed"": 1.193}",2.94,19,6.46,6.8,6.64,1,0.08,0.08,9.6,129.4,4.03,0.105,2.19,내시가 만든 로봇들 하나같이 정상이 아닙니다.
abl_supertonic_nopost,T06,괴담 속삭임,supertonic,"{""voice"": ""M5"", ""speed"": 0.885}",2.46,11,4.47,4.6,5.24,1,0.36,0.36,9.4,89.4,3.61,0.0,2.66,손가락으로 쓴 글씨 또 봤네?
abl_supertonic_nopost,T07,괴담 반전,supertonic,"{""voice"": ""M5"", ""speed"": 0.7}",2.63,12,4.55,4.232,4.79,1,0.13,0.13,10.5,88.9,4.1,0.0,2.53,그 차는 문이 전부 잠겨 있었다.
abl_supertonic_nopost,T08,다큐 문단(존댓말 4문장),supertonic,"{""voice"": ""M1"", ""speed"": 1.056}",15.5,79,5.1,5.0,5.94,9,0.25,0.43,16.5,136.3,3.53,0.025,0.68,"바닷속으로 200미터만 내려가도 햇빛은 거의 사라집니다. 그 아래는 빛 한 줄기 없는 어둠, 바로 심해입니다. 바다의 평균 깊이는 약 3700미터, 가장 깊은 마리아나 해군은 11000미터에 가깝습니다."
abl_supertonic_nopost,T09,짤툰 빠른 반말,supertonic,"{""voice"": ""M4"", ""speed"": 1.392}",2.14,17,7.93,7.4,7.93,0,0.0,0.0,8.0,117.9,3.83,0.412,2.89,땡 4번은 A4 한 장보다 좁음
abl_supertonic_nopost,T10,정보 훅,supertonic,"{""voice"": ""M4"", ""speed"": 1.217}",1.88,14,7.43,7.344,7.43,0,0.0,0.0,11.1,131.6,3.88,0.0,3.35,1초에 백조개가 몸을 뚫고 갑니다.
abl_supertonic_nopost,T11,버럭 대사,supertonic,"{""voice"": ""F4"", ""speed"": 1.096}",1.38,10,7.25,7.4,7.25,0,0.0,0.0,6.1,234.5,2.91,0.0,4.08,계란 1번으로 사오랬지.
abl_supertonic_nopost,T12,할아버지 대사,supertonic,"{""voice"": ""M3"", ""speed"": 0.851}",2.0,13,6.5,6.6,6.5,0,0.0,0.0,8.3,113.9,3.89,0.0,3.1,그럼 내일부턴 당신을 찍어야지.
abl_edge_now_nopitch,T01,썰 내레이션,edge,"{""edge"": ""ko-KR-SunHiNeural"", ""rate"": ""+28%""}",2.43,19,7.83,6.6,7.83,0,0.0,0.0,12.4,251.4,2.4,0.0,0.35,근데 사진마다 누구한테 보낸 기록이 있는 거야?
abl_edge_now_nopitch,T02,신난 대사,edge,"{""edge"": ""ko-KR-SunHiNeural"", ""rate"": ""+12%""}",2.81,11,3.92,6.6,5.74,1,0.89,0.89,11.2,220.7,4.15,0.0,0.34,"선배, 방금 뭐가 지나갔어요?"
abl_edge_now_nopitch,T03,슬픈 대사,edge,"{""edge"": ""ko-KR-SunHiNeural"", ""rate"": ""-12%""}",7.39,27,3.65,5.4,5.54,3,0.84,1.12,13.6,227.8,3.41,0.037,0.24,도윤. 도희한텐 말하지 마라. 엄마가 해준다고 했는데 손이 이래서.
abl_edge_now_nopitch,T04,숫자·날짜,edge,"{""edge"": ""ko-KR-InJoonNeural"", ""rate"": ""+25%""}",4.84,36,7.43,6.8,8.14,1,0.42,0.42,22.7,168.2,3.39,0.0,0.14,지금은 2004년부터 KTX가 달리고 2024년 이용객만 8천만 명이 넘어요.
abl_edge_now_nopitch,T05,영어 단어,edge,"{""edge"": ""ko-KR-InJoonNeural"", ""rate"": ""+25%""}",2.9,19,6.54,6.8,7.59,2,0.2,0.32,20.7,142.7,3.44,0.0,0.22,나사가 만든 로봇들 하나같이 정상이 아닙니다.
abl_edge_now_nopitch,T06,괴담 속삭임,edge,"{""edge"": ""ko-KR-InJoonNeural"", ""rate"": ""+18%""}",3.02,11,3.65,4.6,5.99,1,1.18,1.18,22.3,171.7,3.47,0.0,0.3,손가락으로 쓴 글씨. 또 봤네.
abl_edge_now_nopitch,T07,괴담 반전,edge,"{""edge"": ""ko-KR-InJoonNeural"", ""rate"": ""+18%""}",1.88,12,6.37,4.232,6.69,1,0.09,0.09,15.2,150.3,3.66,0.0,0.6,그 차는 문이 전부 잠겨 있었다.
abl_edge_now_nopitch,T08,다큐 문단(존댓말 4문장),edge,"{""edge"": ""ko-KR-InJoonNeural"", ""rate"": ""+0%""}",18.88,79,4.18,5.0,6.07,8,0.73,1.52,22.1,137.8,3.66,0.025,0.07,"바닷속으로 200미터만 내려가도 햇빛은 거의 사라집니다. 그 아래는 빛 한 줄기 없는 어둠, 바로 심해입니다. 바다의 평균 깊이는 약 3,700미터. 가장 깊은 마리아나 해군은 11,000미터에 가깝습니다."
abl_edge_now_nopitch,T09,짤툰 빠른 반말,edge,"{""edge"": ""ko-KR-InJoonNeural"", ""rate"": ""+50%""}",2.52,17,6.74,7.4,7.78,1,0.34,0.34,20.1,156.5,2.96,0.176,0.34,땡. 4번은 한 마리당 A4 한 장보다 좁음.
abl_edge_now_nopitch,T10,정보 훅,edge,"{""edge"": ""ko-KR-InJoonNeural"", ""rate"": ""+40%""}",1.85,14,7.56,7.344,7.56,0,0.0,0.0,17.4,157.9,3.17,0.0,0.34,1초에 백조 개가 몸을 뚫고 갑니다.
abl_edge_now_nopitch,T11,버럭 대사,edge,"{""edge"": ""ko-KR-SunHiNeural"", ""rate"": ""+38%""}",1.31,10,7.64,7.4,7.64,0,0.0,0.0,7.8,224.6,3.04,0.0,0.61,계란 1번으로 사오랬지?
abl_edge_now_nopitch,T12,할아버지 대사,edge,"{""edge"": ""ko-KR-InJoonNeural"", ""rate"": ""+22%""}",1.81,13,7.19,6.6,7.19,0,0.0,0.0,9.0,171.7,3.12,0.0,0.47,그럼 내일부턴 당신을 찍어야지.
