engine,voice,line,dur,syl,sps,art,np,pmean,pmax,f0st,f0hz,mos,cer,rtf,hyp
edge,ko-KR-SunHiNeural,T01,3.07,19,6.2,6.2,0,0.0,0.0,13.3,240.0,2.54,0.0,0.38,근데 사진마다 누구한테 보낸 기록이 있는 거야?
edge,ko-KR-SunHiNeural,T08,17.27,79,4.58,6.1,9,0.48,1.02,14.6,242.8,3.23,0.101,0.1,"바닷속으로 200m만 내려가도 햇빛은 거의 사라집니다. 그 아래는 빛 한 줄기 없는 어둠, 바로 심해입니다. 바다의 평균 깊이는 약 3,700m. 가장 깊은 마리아나 해군은 11,000m에 가깝습니다."
edge,ko-KR-InJoonNeural,T01,2.88,19,6.6,6.6,0,0.0,0.0,16.4,150.3,3.83,0.0,0.29,근데 사진마다 누구한테 보낸 기록이 있는 거야.
edge,ko-KR-InJoonNeural,T08,18.88,79,4.18,6.07,8,0.73,1.52,22.1,142.7,3.67,0.025,0.17,"바닷속으로 200미터만 내려가도 햇빛은 거의 사라집니다. 그 아래는 빛 한 줄기 없는 어둠, 바로 심해입니다. 바다의 평균 깊이는 약 3,700미터. 가장 깊은 마리아나 해군은 11,000미터에 가깝습니다."
edge,ko-KR-HyunsuMultilingualNeural,T01,3.54,19,5.36,5.36,0,0.0,0.0,12.2,137.8,3.89,0.0,0.34,근데 사진마다 누구한테 보낸 기록이 있는 거야.
edge,ko-KR-HyunsuMultilingualNeural,T08,17.38,79,4.55,5.69,9,0.39,0.74,19.5,137.8,3.74,0.025,0.4,"바닷속으로 200미터만 내려가도 햇빛은 거의 사라집니다. 그 아래는 빛 한 줄기 없는 어둠, 바로 심해입니다. 바다의 평균 깊이는 약 3,700미터, 가장 깊은 마리아나 해군은 11,000미터에 가깝습니다."
edge,en-US-AvaMultilingualNeural,T01,2.89,19,6.58,6.58,0,0.0,0.0,10.4,251.4,3.89,0.0,0.42,근데 사진마다 누구한테 보낸 기록이 있는 거야.
edge,en-US-AvaMultilingualNeural,T08,15.37,79,5.14,6.1,6,0.4,0.5,13.4,244.2,3.81,0.051,0.26,"바다 속으로 200미터만 내려가도 햇빛은 거해 사라집니다. 그 아래는 빛 한 줄기 없는 어둠, 바로 심해입니다. 바다의 평균 깊이는 약 3,700미터, 가장 깊은 마리아나 해군은 11,000미터에 가깝습니다."
edge,en-US-EmmaMultilingualNeural,T01,3.37,19,5.64,5.64,0,0.0,0.0,11.2,208.9,4.17,0.0,0.44,근데 사진마다 누구한테 보낸 기록이 있는 거야.
edge,en-US-EmmaMultilingualNeural,T08,16.63,79,4.75,5.71,11,0.25,0.53,11.9,215.1,3.79,0.038,0.26,"바닷속으로 200미터만 내려가도 햇빛은 거해 사라집니다. 그 아래는 빛 한 줄기 없는 어둠, 바로 심해입니다. 바다의 평균 깊이는 약 3,700미터, 가장 깊은 마리아나 해군은 11,000미터에 가깝습니다."
edge,de-DE-SeraphinaMultilingualNeural,T01,3.69,19,5.14,5.14,0,0.0,0.0,12.4,179.8,4.03,0.0,0.75,근데 사진마다 누구한테 보낸 기록이 있는 거야.
edge,de-DE-SeraphinaMultilingualNeural,T08,17.46,79,4.53,5.57,13,0.25,0.54,25.6,181.9,3.91,0.025,0.24,"바닷속으로 200미터만 내려가도 햇빛은 거의 사라집니다. 그 아래는 빛 한 줄기 없는 어둠, 바로 심해입니다. 바다의 평균 깊이는 약 3,700미터, 가장 깊은 마리아나 해군은 11,000미터에 가깝습니다."
edge,fr-FR-VivienneMultilingualNeural,T01,3.09,19,6.15,6.15,0,0.0,0.0,11.1,192.7,4.08,0.0,0.42,근데 사진마다 누구한테 보낸 기록이 있는 거야.
edge,fr-FR-VivienneMultilingualNeural,T08,15.1,79,5.23,6.17,7,0.33,0.46,9.8,191.6,3.75,0.025,0.49,"바닷속으로 200미터만 내려가도 햇빛은 거의 사라집니다. 그 아래는 빛 한 줄기 없는 어둠, 바로 심해입니다. 바다의 평균 깊이는 약 3,700미터, 가장 깊은 마리아나 해군은 11,000미터에 가깝습니다."
edge,pt-BR-ThalitaMultilingualNeural,T01,3.19,19,5.96,5.96,0,0.0,0.0,11.3,203.0,3.56,0.0,0.6,근데 사진마다 누구한테 보낸 기록이 있는 거야.
edge,pt-BR-ThalitaMultilingualNeural,T08,15.26,79,5.18,6.13,10,0.24,0.44,12.3,210.1,3.34,0.025,0.37,"바닷속으로 200미터만 내려가도 햇빛은 거의 사라집니다. 그 아래는 빛 한 줄기 없는 어둠, 바로 심해입니다. 바다의 평균 깊이는 약 3,700미터, 가장 깊은 마리아나 해군은 11,000미터에 가깝습니다."
edge,en-US-AndrewMultilingualNeural,T01,3.75,19,5.06,5.06,0,0.0,0.0,11.9,117.9,3.62,0.0,0.35,근데 사진마다 누구한테 보낸 기록이 있는 거야.
edge,en-US-AndrewMultilingualNeural,T08,17.27,79,4.57,5.25,7,0.32,0.45,13.6,120.7,3.67,0.038,0.54,"바닷속으로 200미터만 내려가도 햇빛은 거의 사라집니다. 그 아래는 뒷 한 줄기 없는 어둠, 바로 심해입니다. 바다의 평균 깊이는 약 3,700미터, 가장 깊은 마리아나 해군은 11,000미터에 가깝습니다."
edge,en-US-BrianMultilingualNeural,T01,3.4,19,5.59,5.59,0,0.0,0.0,15.5,133.1,3.75,0.0,0.39,근데 사진마다 누구한테 보낸 기록이 있는 거야.
edge,en-US-BrianMultilingualNeural,T08,17.16,79,4.6,5.72,12,0.28,0.56,15.1,135.5,3.95,0.025,0.21,"바닷속으로 200미터만 내려가도 햇빛은 거의 사라집니다. 그 아래는 빛 한 줄기 없는 어둠, 바로 심해입니다. 바다의 평균 깊이는 약 3,700미터, 가장 깊은 마리아나 해군은 11,000미터에 가깝습니다."
edge,de-DE-FlorianMultilingualNeural,T01,3.3,19,5.75,5.75,0,0.0,0.0,16.4,147.7,3.58,0.0,0.52,근데 사진마다 누구한테 보낸 기록이 있는 거야.
edge,de-DE-FlorianMultilingualNeural,T08,16.17,79,4.89,6.24,9,0.39,0.74,18.9,148.6,3.34,0.025,0.38,"바닷속으로 200미터만 내려가도 햇빛은 거의 사라집니다. 그 아래는 빛 한 줄기 없는 어둠, 바로 심해입니다. 바다의 평균 깊이는 약 3,700미터, 가장 깊은 마리아나 해군은 11,000미터에 가깝습니다."
edge,fr-FR-RemyMultilingualNeural,T01,3.16,19,6.01,6.01,0,0.0,0.0,17.5,111.3,4.06,0.0,0.41,근데 사진마다 누구한테 보낸 기록이 있는 거야.
edge,fr-FR-RemyMultilingualNeural,T08,16.4,79,4.82,6.09,8,0.43,0.78,18.9,105.1,3.86,0.025,0.29,"바닷속으로 200미터만 내려가도 햇빛은 거의 사라집니다. 그 아래는 빛 한 줄기 없는 어둠, 바로 심해입니다. 바다의 평균 깊이는 약 3,700미터, 가장 깊은 마리아나 해군은 11,000미터에 가깝습니다."
edge,it-IT-GiuseppeMultilingualNeural,T01,3.31,19,5.75,5.75,0,0.0,0.0,18.5,138.2,3.99,0.0,0.41,근데 사진마다 누구한테 보낸 기록이 있는 거야.
edge,it-IT-GiuseppeMultilingualNeural,T08,16.46,79,4.8,6.01,10,0.33,0.63,21.8,139.0,3.79,0.025,0.25,"바닷속으로 200미터만 내려가도 햇빛은 거의 사라집니다. 그 아래는 빛 한 줄기 없는 어둠, 바로 심해입니다. 바다의 평균 깊이는 약 3,700미터, 가장 깊은 마리아나 해군은 11,000미터에 가깝습니다."
edge,en-AU-WilliamMultilingualNeural,T01,3.36,19,5.66,5.66,0,0.0,0.0,14.3,110.7,3.87,0.0,0.37,근데 사진마다 누구한테 보낸 기록이 있는 거야.
edge,en-AU-WilliamMultilingualNeural,T08,15.48,79,5.1,6.03,6,0.4,0.49,12.9,112.6,3.79,0.025,0.27,"바닷속으로 200미터만 내려가도 햇빛은 거의 사라집니다. 그 아래는 빛 한 줄기 없는 어둠, 바로 심해입니다. 바다의 평균 깊이는 약 3,700미터, 가장 깊은 마리아나 해군은 11,000미터에 가깝습니다."
supertonic,F1,T01,2.85,19,6.67,6.67,0,0.0,0.0,14.5,191.6,4.21,0.0,1.42,근데 사진마다 누구한테 보낸 기록이 있는 거야.
supertonic,F1,T08,15.58,79,5.07,6.02,11,0.22,0.45,11.1,199.5,3.97,0.101,0.33,"바닷속으로 200m만 내려가도 햇빛은 거의 사라집니다. 그 아래는 빛 한 줄기 없는 어둠, 바로 심해입니다. 바다의 평균 깊이는 약 3,700m, 가장 깊은 마리아나 해군은 11,000m에 가깝습니다."
supertonic,F2,T01,2.45,19,7.75,7.75,0,0.0,0.0,14.2,230.6,3.76,0.0,1.47,근데 사진마다 누구한테 보낸 기록이 있는 거야.
supertonic,F2,T08,14.37,79,5.5,6.2,6,0.27,0.46,10.7,240.0,3.7,0.025,0.73,"바닷속으로 200미터만 내려가도 햇빛은 거의 사라집니다. 그 아래는 빛 한 줄기 없는 어둠, 바로 심해입니다. 바다의 평균 깊이는 약 3,700미터, 가장 깊은 마리아나 해군은 11,000미터에 가깝습니다."
supertonic,F3,T01,3.26,19,5.83,5.83,0,0.0,0.0,14.4,169.7,4.21,0.0,0.87,근데 사진마다 누구한테 보낸 기록이 있는 거야.
supertonic,F3,T08,16.25,79,4.86,5.53,9,0.22,0.41,13.3,173.7,4.0,0.101,0.43,"바닷속으로 200m만 내려가도 햇빛은 거의 사라집니다. 그 아래는 빛 한 줄기 없는 어둠, 바로 심해입니다. 바다의 평균 깊이는 약 3,700m, 가장 깊은 마리아나 해군은 11,000m에 가깝습니다."
supertonic,F4,T01,2.49,19,7.62,7.62,0,0.0,0.0,9.4,205.9,4.16,0.0,1.31,근데 사진마다 누구한테 보낸 기록이 있는 거야.
supertonic,F4,T08,13.29,79,5.95,6.62,7,0.19,0.37,7.6,201.8,3.51,0.063,0.63,"바다 속으로 200미터만 내려가도 햇빛은 거의 사라집니다. 그 아래는 빛 한 줄기 없는 어둠, 바로 쉬메입니다. 바다의 평균 깊이는 약 3,700미터, 가장 깊은 마리아나 해군은 11,000미터에 가깝습니다."
supertonic,F5,T01,2.98,19,6.39,6.39,0,0.0,0.0,11.9,179.8,3.91,0.0,1.18,근데 사진마다 누구한테 보낸 기록이 있는 거야.
supertonic,F5,T08,15.23,79,5.19,5.91,7,0.27,0.41,10.3,165.8,3.86,0.025,0.69,"바닷속으로 200미터만 내려가도 햇빛은 거의 사라집니다. 그 아래는 빛 한 줄기 없는 어둠, 바로 심해입니다. 바다의 평균 깊이는 약 3,700미터, 가장 깊은 마리아나 해군은 11,000미터에 가깝습니다."
supertonic,M1,T01,2.85,19,6.67,6.67,0,0.0,0.0,19.0,134.7,4.09,0.0,1.24,근데 사진마다 누구한테 보낸 기록이 있는 거야.
supertonic,M1,T08,16.03,79,4.93,5.9,9,0.29,0.41,15.6,137.0,3.77,0.025,0.81,"바닷속으로 200미터만 내려가도 햇빛은 거의 사라집니다. 그 아래는 빛 한 줄기 없는 어둠, 바로 심해입니다. 바다의 평균 깊이는 약 3700미터, 가장 깊은 마리아나 해군은 11000미터에 가깝습니다."
supertonic,M2,T01,2.8,19,6.78,6.78,0,0.0,0.0,11.2,92.3,3.86,0.0,2.12,근데 사진마다 누구한테 보낸 기록이 있는 거야.
supertonic,M2,T08,14.87,79,5.31,6.6,10,0.29,0.65,10.0,98.0,3.59,0.025,1.04,"바닷속으로 200미터만 내려가도 햇빛은 거의 사라집니다. 그 아래는 빛 한 줄기 없는 어둠, 바로 심해입니다. 바다의 평균 깊이는 약 3,700미터, 가장 깊은 마리아나 해군은 11,000미터에 가깝습니다."
supertonic,M3,T01,2.59,19,7.33,7.33,0,0.0,0.0,13.7,101.5,3.98,0.0,1.51,근데 사진마다 누구한테 보낸 기록이 있는 거야.
supertonic,M3,T08,12.77,79,6.19,6.75,4,0.27,0.36,9.2,103.9,3.52,0.051,0.92,"바닷속으로 200미터만 내려가도 햇빛은 거의 사라집니다. 그 아래는 빛 한줄기 없는 어둠, 바로 시메입니다. 바다의 평균 깊이는 약 3,700미터, 가장 깊은 마리아나 해군은 11,000미터에 가깝습니다."
supertonic,M4,T01,2.74,19,6.93,6.93,0,0.0,0.0,12.7,120.0,4.17,0.0,1.64,근데 사진마다 누구한테 보낸 기록이 있는 거야.
supertonic,M4,T08,14.7,79,5.37,6.33,10,0.22,0.42,11.0,120.0,3.81,0.051,0.94,"바닷속으로 200미터만 내려가도 햇빛은 거의 사라집니다. 그 아래는 빛 한 줄기 없는 어둠, 바로 시메입니다. 바다의 평균 깊이는 약 3,700미터, 가장 깊은 마리아나 해군은 11,000미터에 가깝습니다."
supertonic,M5,T01,2.97,19,6.39,6.39,0,0.0,0.0,10.6,89.9,4.14,0.0,1.58,근데 사진마다 누구한테 보낸 기록이 있는 거야.
supertonic,M5,T08,15.58,79,5.07,5.87,7,0.3,0.42,12.0,91.5,3.51,0.025,0.78,"바닷속으로 200미터만 내려가도 햇빛은 거의 사라집니다. 그 아래는 빛 한 줄기 없는 어둠, 바로 심해입니다. 바다의 평균 깊이는 약 3,700미터, 가장 깊은 마리아나 해군은 11,000미터에 가깝습니다."
